--Query to populate the tables
DELETE FROM Magics
DELETE FROM Talismans
DELETE FROM Armours
DELETE FROM Weapons
DELETE FROM Crafts
DELETE FROM CraftingMaterials
DELETE FROM Items
DELETE FROM Enemies
DELETE FROM Bosses
DELETE FROM IsAt
DELETE FROM Characters
DELETE FROM Dungeons
DELETE FROM Locations
DELETE FROM Users

--
DECLARE @Username NVARCHAR(50) = 'admin';
DECLARE @Password NVARCHAR(50) = 'admin';
DECLARE @Email NVARCHAR(100) = 'admin@example.com';
--

INSERT INTO Users (Username, Password, Email)
VALUES
(@Username, HASHBYTES('SHA2_512', @Password), @Email);

SET IDENTITY_INSERT Locations ON;
INSERT INTO Locations (LocationID, Area, DESCRIPTION, Name, PointsOfInterest)
VALUES
(1, 
'Fragment West Limgrave', 
'Limgrave is a lush, expansive section of the Tenebrae Demesne.', 
'LIMGRAVE', 
'CHURCH OF DRAGON COMMUNION'),
(2,
'Fragment Weeping Peninsula',
'The peninsula, to Limgraves south, is named for its unceasing rainfall, redolent of lament.',
'WEEPING PENINSULA',
'CALLU BAPTISMAL CHURCH'),
(3,
'West Region of The Lands Between',
'With its shallow waters and vast wetlands, the region of Liurnia is beset with the gradual sinking of most of its landmass.',
'LIURNIA OF THE LAKES',
'BELLUM CHURCH'),
(4,
'South-East Region of The Lands Between',
'Caelid, known as the locale of the last battle between General Radahn and Malenia, Blade of Miquella.',
'CAELID',
'MINOR ERDTREE (CAELID)'),
(5,
'North-West Region of The Lands Between',
'NO-DATA',
'ALTUS PLATEAU',
'GOLDEN LINEAGE EVERGAOL');
SET IDENTITY_INSERT Locations OFF;

--

SET IDENTITY_INSERT Dungeons ON;
INSERT INTO Dungeons (DungeonID, LocationID, Area, Name, MainBoss)
VALUES 
(1, 1, 'Limgrave', 'Castle of Storms', 'Lord of Lightning'),
(2, 1, 'Limgrave', 'Caelid Castle', 'Queen Marika'),
(3, 1, 'Limgrave', 'Gideons Rise', 'Gideon the Fallen Knight'),
(4, 1, 'Limgrave', 'Raya Lucaria Academy', 'Vice-Admiral Rennala'),
(5, 4, 'Caelid', 'Mountaintops of the Giants', 'The Elden Beast'),
(6, 4, 'Caelid', 'Roundtable Hold', 'Knight of the Roundtable'),
(7, 4, 'Caelid', 'Siofra Riverhead', 'Siofra the Water Wraith'),
(8, 4, 'Caelid', 'Caelid Bluffs', 'Lady of the Recluse'),
(9, 4, 'Caelid', 'Vargalt Castle', 'Vargalt'),
(10, 4, 'Caelid', 'Stormveil Castle', 'King Renn, Lord of Storms'),
(11, 4, 'Caelid', 'Weeping Peninsula', 'Yan-Fang, the Red Dragon'),
(12, 4, 'Caelid', 'Purves Rest', 'Venerable Purver'),
(13, 4, 'Caelid', 'Gornea Gorge', 'The Basilisk of Gornea'),
(14, 4, 'Caelid', 'East of Limgrave', 'Black Knight Telvar'),
(15, 5, 'Altus Plateau', 'Mountaintops of the Giants', 'The Elden Beast'),
(16, 5, 'Altus Plateau', 'Roundtable Hold', 'Knight of the Roundtable'),
(17, 5, 'Altus Plateau', 'Siofra Riverhead', 'Siofra the Water Wraith'),
(18, 5, 'Altus Plateau', 'Caelid Bluffs', 'Lady of the Recluse'),
(19, 5, 'Altus Plateau', 'Vargalt Castle', 'Vargalt'),
(20, 5, 'Altus Plateau', 'Stormveil Castle', 'King Renn, Lord of Storms'),
(21, 5, 'Altus Plateau', 'Weeping Peninsula', 'Yan-Fang, the Red Dragon'),
(22, 5, 'Altus Plateau', 'Purvers Rest', 'Venerable Purver'),
(23, 5, 'Altus Plateau', 'Gornea Gorge', 'The Basilisk of Gornea'),
(24, 5, 'Altus Plateau', 'Limgrave', 'Black Knight Telvar'),
(25, 5, 'Altus Plateau', 'Mountaintops of the Giants', 'The Elden Beast'),
(26, 5, 'Altus Plateau', 'Roundtable Hold', 'Knight of the Roundtable'),
(27, 5, 'Altus Plateau', 'Siofra Riverhead', 'Siofra the Water Wraith'),
(28, 3, 'Liurnia of the Lakes', 'Caelid Bluffs', 'Lady of the Recluse'),
(29, 3, 'Liurnia of the Lakes', 'Vargalt Castle', 'Vargalt'),
(30, 3, 'Liurnia of the Lakes', 'Stormveil Castle', 'King Renn, Lord of Storms');
SET IDENTITY_INSERT Dungeons OFF;

--

SET IDENTITY_INSERT Characters ON;
INSERT INTO Characters (CharacterID, Attacks, Attributes, DESCRIPTION, Name, Class, Weakness, LocationID, LEVEL)
VALUES
(1,  'Ground Dive',  'Health & Poise',  'The Giant Bats of Limgrave are nocturnal creatures and often rest during the day,  unless they are disturbed.',  'Giant Bat',  'Confessor',  'Fire',  1, 101),
(2,  'Swift Strikes',  'Dexterity & Speed',  'Agile and aggressive creatures found in the Murkwater Cave.',  'Murkwater Skeleton',  'Bandit',  'Blunt',  2, 101),
(3,  'Charging Thrust',  'Strength & Defense',  'These spectral knights patrol the halls of Stormveil Castle.',  'Banished Knight',  'Veteran',  'Magic',  3,  101),
(4,  'Flame Breath',  'Intelligence & Faith',  'These magma wyrms guard the smoldering ruins of Mt. Gelmir.',  'Magma Wyrm',  'Draconic',  'Water',  4,  101),
(5,  'Poisonous Darts',  'Dexterity & Arcane',  'Lesser Erdtree Guardians utilize ranged attacks alongside melee strikes.',  'Lesser Erdtree Guardian',  'Sentinel',  'Fire',  5,  101),
(6,  'Grappling Slam',  'Strength & Endurance',  'These colossal trolls inhabit the caverns of the Sellia Crystal Tunnel.',  'Crystal Troll',  'Brute',  'Cold',  2,  101),
(7,  'Multi-Slam Combo',  'Strength & Poise',  'Mimic Teardrop Soldiers disguise themselves as chests,  waiting for unsuspecting Tarnished.',  'Mimic Teardrop Soldier',  'Ambusher',  'Lightning',  3, 101),
(8,  'Piercing Shot',  'Dexterity & Perception',  'Skilled archers who hunt in the Weeping Peninsula.',  'Weeping Archer',  'Hunter',  'Poison',  3, 101),
(9,  'Frost Blade',  'Strength & Agility',  'Wielders of icy magic residing in the Frostbite Keep.',  'Frostbite Warrior',  'Sorcerer',  'Fire',  5,  101),
(10,  'Shadow Strike',  'Dexterity & Stealth',  'Silent assassins found in the shadows of Caelid.',  'Caelid Assassin',  'Rogue',  'Holy',  2,  101),
(11,  'Thunder Clap',  'Strength & Magic',  'Guardians of the stormy peaks in the Altus Plateau.',  'Storm Guardian',  'Elementalist',  'Earth',  4,  101),
(12,  'Venom Spit',  'Dexterity & Vitality',  'Serpentine creatures lurking in the swamps of Liurnia.',  'Liurnia Serpent',  'Beast',  'Ice',  1,  101),
(13,  'Earthquake',  'Strength & Durability',  'Giant golems guarding ancient ruins in Siofra River.',  'Siofra Golem',  'Titan',  'Lightning',  1,  101),
(14,  'Arcane Blast',  'Intelligence & Wisdom',  'Wizards of Raya Lucaria Academy mastering arcane arts.',  'Raya Lucaria Wizard',  'Mage',  'Physical',  1,  101),
(15,  'Dark Slash',  'Strength & Speed',  'Dark knights of the Deeproot Depths.',  'Deeproot Knight',  'Warrior',  'Light',  2,  101),
(16,  'Holy Smite',  'Faith & Courage',  'Paladins defending the divine shrines of Altus.',  'Altus Paladin',  'Crusader',  'Dark',  2,  101),
(17,  'Wind Cutter',  'Dexterity & Agility',  'Fast and agile,  these harpies patrol the skies of Farum Azula.',  'Farum Harpy',  'Skyborn',  'Earth',  3, 101),
(18,  'Fireball',  'Intelligence & Control',  'Pyromancers of the volcanoes in Mt. Gelmir.',  'Gelmir Pyromancer',  'Elementalist',  'Water',  4,  101),
(19,  'Rock Throw',  'Strength & Toughness',  'Strong and sturdy creatures inhabiting the crystal caves of Liurnia.',  'Liurnia Crystal Beast',  'Miner',  'Magic',  1,  101),
(20,  'Lightning Strike',  'Dexterity & Arcane',  'Quick and deadly,  these assassins strike from the shadows in Nokron.',  'Nokron Assassin',  'Stalker',  'Physical',  1, 101),
(21,  'Ice Shard',  'Intelligence & Frost',  'Ice mages residing in the Frozen Tundra.',  'Frozen Tundra Mage',  'Cryomancer',  'Fire',  5,  101),
(22,  'Toxic Cloud',  'Intelligence & Poison',  'Noxious creatures lurking in the poisonous marshes of the Blightwood.',  'Blightwood Abomination',  'Plaguebearer',  'Holy',  4,  101),
(23,  'Spectral Touch',  'Magic & Ethereal',  'Ethereal beings haunting the spectral plains of the Voidrealm.',  'Voidrealm Specter',  'Wraith',  'Lightning',  3,  101),
(24,  'Bone Breaker',  'Strength & Brutality',  'Brutish warriors dwelling in the Bonecrusher Caverns.',  'Bonecrusher Brute',  'Berserker',  'Ice',  2,  101),
(25,  'Acidic Spray',  'Intelligence & Corrosion',  'Corrosive creatures infesting the acidic pools of the Toxic Marshlands.',  'Toxic Marsh Aberration',  'Corruptor',  'Light',  1,  101),
(26,  'Shadow Bolt',  'Intelligence & Shadow',  'Dark sorcerers lurking in the shadowy depths of the Umbral Abyss.',  'Umbral Sorcerer',  'Necromancer',  'Holy',  5,  101),
(27,  'Blade Dance',  'Dexterity & Precision',  'Masters of blade wielding found in the Blade Dance Temple.',  'Blade Dancer',  'Swordmaster',  'Fire',  3,  101),
(28,  'Mind Blast',  'Intelligence & Mind',  'Psionic entities dwelling in the depths of the Psionic Nexus.',  'Psionic Entity',  'Mindbender',  'Physical',  2,  101),
(29,  'Frost Nova',  'Intelligence & Frost',  'Ice witches guarding the icy fortress of Frostpeak Citadel.',  'Frostpeak Witch',  'Ice Witch',  'Fire',  4,  101),
(30,  'Deaths Grasp',  'Intelligence & Death',  'Necromancers summoning the dead in the Necropolis of Eldritch.',  'Eldritch Necromancer',  'Gravekeeper',  'Holy',  5,  101),
(31,  'Venomous Bite',  'Strength & Poison',  'Giant spiders lurking in the tangled webs of the Arachnid Caverns.',  'Arachnid Queen',  'Spider',  'Fire',  2,  101),
(32,  'Solar Flare',  'Intelligence & Solar',  'Celestial beings guarding the radiant halls of the Solar Sanctum.',  'Solar Guardian',  'Celestial',  'Shadow',  4,  101),
(33,  'Void Blast',  'Intelligence & Void',  'Void cultists channeling the power of the void in the Abyssal Depths.',  'Abyssal Cultist',  'Voidcaller',  'Light',  3,  101),
(34,  'Thunderous Roar',  'Strength & Thunder',  'Thunder beasts inhabiting the stormy peaks of Thunderpeak Mountains.',  'Thunderpeak Beast',  'Thunderlord',  'Ice',  1,  101),
(35,  'Searing Beam',  'Intelligence & Heat',  'Fire elementals guarding the blazing depths of the Infernal Forge.',  'Infernal Elemental',  'Fire Elemental',  'Water',  5,  101),
(36,  'Shadowstep',  'Dexterity & Shadow',  'Shadow assassins lurking in the depths of the Shadowed Woods.',  'Shadowed Assassin',  'Nightblade',  'Light',  2,  101),
(37,  'Blizzard',  'Intelligence & Frost',  'Blizzard elementals roaming the frozen wastes of Frostwind Glacier.',  'Frostwind Blizzard Elemental',  'Ice Elemental',  'Fire',  4,  101),
(38,  'Soul Drain',  'Intelligence & Soul',  'Soul reapers haunting the cursed grounds of the Souls Bane Crypt.',  'Souls Bane Reaper',  'Soul Reaper',  'Holy',  3,  101),
(39,  'Chaos Bolt',  'Intelligence & Chaos',  'Chaos mages harnessing the chaotic energies of the Chaos Rift.',  'Chaos Rift Mage',  'Chaos Mage',  'Order',  1,  101),
(40,  'Abyssal Slam',  'Strength & Abyss',  'Abyssal horrors dwelling in the depths of the Abyssal Chasm.',  'Abyssal Horror',  'Abyssal',  'Light',  5,  101),
(41,  'Blade Storm',  'Dexterity & Blade',  'Blade masters honing their skills in the Blade Storm Dojo.',  'Blade Storm Master',  'Blade Master',  'Fire',  3,  101),
(42,  'Necrotic Aura',  'Intelligence & Necrotic',  'Necrotic beings emanating death in the Necrotic Wasteland.',  'Necrotic Abomination',  'Deathbringer',  'Light',  4,  101),
(43,  'Frostbite',  'Intelligence & Frost',  'Frostbite elementals freezing the unwary in the Frostbite Caves.',  'Frostbite Elemental',  'Ice Elemental',  'Fire',  2,  101),
(44,  'Mind Control',  'Intelligence & Control',  'Mind-controlling entities in the depths of the Mind Control Nexus.',  'Mind Control Entity',  'Mind Manipulator',  'Light',  1,  101),
(45,  'Chaos Nova',  'Intelligence & Chaos',  'Chaos demons unleashing chaos in the Chaos Citadel.',  'Chaos Citadel Demon',  'Chaos Demon',  'Order',  5,  101),
(46,  'Solar Flare',  'Intelligence & Solar',  'Celestial beings guarding the radiant halls of the Solar Sanctum.',  'Solar Guardian',  'Celestial',  'Shadow',  4,  101),
(47,  'Void Blast',  'Intelligence & Void',  'Void cultists channeling the power of the void in the Abyssal Depths.',  'Abyssal Cultist',  'Voidcaller',  'Light',  3,  101),
(48,  'Thunderous Roar',  'Strength & Thunder',  'Thunder beasts inhabiting the stormy peaks of Thunderpeak Mountains.',  'Thunderpeak Beast',  'Thunderlord',  'Ice',  1,  101),
(49,  'Searing Beam',  'Intelligence & Heat',  'Fire elementals guarding the blazing depths of the Infernal Forge.',  'Infernal Elemental',  'Fire Elemental',  'Water',  5,  101),
(50,  'Shadowstep',  'Dexterity & Shadow',  'Shadow assassins lurking in the depths of the Shadowed Woods.',  'Shadowed Assassin',  'Nightblade',  'Light',  2,  101),
(51,  'Blizzard',  'Intelligence & Frost',  'Blizzard elementals roaming the frozen wastes of Frostwind Glacier.',  'Frostwind Blizzard Elemental',  'Ice Elemental',  'Fire',  4,  101),
(52,  'Soul Drain',  'Intelligence & Soul',  'Soul reapers haunting the cursed grounds of the Souls Bane Crypt.',  'Souls Bane Reaper',  'Soul Reaper',  'Holy',  3,  101),
(53,  'Chaos Bolt',  'Intelligence & Chaos',  'Chaos mages harnessing the chaotic energies of the Chaos Rift.',  'Chaos Rift Mage',  'Chaos Mage',  'Order',  1,  101),
(54,  'Abyssal Slam',  'Strength & Abyss',  'Abyssal horrors dwelling in the depths of the Abyssal Chasm.',  'Abyssal Horror',  'Abyssal',  'Light',  5,  101),
(55,  'Blade Storm',  'Dexterity & Blade',  'Blade masters honing their skills in the Blade Storm Dojo.',  'Blade Storm Master',  'Blade Master',  'Fire',  3,  101),
(56,  'Necrotic Aura',  'Intelligence & Necrotic',  'Necrotic beings emanating death in the Necrotic Wasteland.',  'Necrotic Abomination',  'Deathbringer',  'Light',  4,  101),
(57,  'Frostbite',  'Intelligence & Frost',  'Frostbite elementals freezing the unwary in the Frostbite Caves.',  'Frostbite Elemental',  'Ice Elemental',  'Fire',  2,  101),
(58,  'Mind Control',  'Intelligence & Control',  'Mind-controlling entities in the depths of the Mind Control Nexus.',  'Mind Control Entity',  'Mind Manipulator',  'Light',  1,  101),
(59,  'Chaos Nova',  'Intelligence & Chaos',  'Chaos demons unleashing chaos in the Chaos Citadel.',  'Chaos Citadel Demon',  'Chaos Demon',  'Order',  5,  101),
(60,  'Frozen Spear',  'Intelligence & Frost',  'Frozen spearmen guarding the icy fortress of Frostpeak Citadel.',  'Frostpeak Spearmen',  'Ice Warriors',  'Fire',  4,  101),
(61,  'Blighted Touch',  'Intelligence & Decay',  'Cursed beings lurking in the depths of the Blightwood.',  'Blightwood Wraith',  'Necrotic',  'Holy',  3,  101),
(62,  'Abyssal Roar',  'Strength & Abyss',  'Abyssal monsters dwelling in the abyssal pits of the Voidrealm.',  'Voidrealm Behemoth',  'Abyssal',  'Light',  5,  101),
(63,  'Crimson Slash',  'Strength & Blood',  'Bloodthirsty warriors of the Crimson Legion.',  'Crimson Legionnaire',  'Blood Knight',  'Light',  2,  101),
(64,  'Thunderstorm',  'Intelligence & Thunder',  'Storm elementals reigning over the stormy peaks of Thunderpeak Mountains.',  'Thunderpeak Storm Elemental',  'Storm Elemental',  'Ice',  1,  101),
(65,  'Inferno Blast',  'Intelligence & Fire',  'Infernal demons guarding the gates of the Infernal Citadel.',  'Infernal Citadel Demon',  'Infernal',  'Water',  5,  101),
(66,  'Shadow Assault',  'Dexterity & Shadow',  'Shadow assassins striking from the shadows in the Shadowed Woods.',  'Shadowed Woods Assassin',  'Nightstalker',  'Light',  2,  101),
(67,  'Frostbite Aura',  'Intelligence & Frost',  'Frostbite elementals freezing their surroundings in the Frostbite Caves.',  'Frostbite Elemental',  'Ice Elemental',  'Fire',  4,  101),
(68,  'Soul Drain',  'Intelligence & Soul',  'Soul reapers consuming the essence of their victims in the Souls Bane Crypt.',  'Souls Bane Revenant',  'Soul Drainer',  'Holy',  3,  101),
(69,  'Chaos Bolt',  'Intelligence & Chaos',  'Chaos mages hurling bolts of chaotic energy in the Chaos Rift.',  'Chaos Rift Sorcerer',  'Chaos Sorcerer',  'Order',  1,  101),
(70,  'Abyssal Strike',  'Strength & Abyss',  'Abyssal warriors emerging from the depths of the Abyssal Chasm.',  'Abyssal Marauder',  'Abyssal Warrior',  'Light',  5,  101),
(71,  'Blade Dance',  'Dexterity & Precision',  'Masters of the blade performing intricate dances in the Blade Dance Temple.',  'Blade Dance Master',  'Blademaster',  'Fire',  3,  101),
(72,  'Necrotic Aura',  'Intelligence & Necrotic',  'Necrotic energy emanating from the cursed lands of the Necrotic Wasteland.',  'Necrotic Wraith',  'Deathbringer',  'Light',  4,  101),
(73,  'Frostbite',  'Intelligence & Frost',  'Frostbite elementals freezing the unwary in the Frostbite Caves.',  'Frostbite Elemental',  'Ice Elemental',  'Fire',  2,  101),
(74,  'Mind Control',  'Intelligence & Control',  'Mind-controlling entities in the depths of the Mind Control Nexus.',  'Mind Control Entity',  'Mind Manipulator',  'Light',  1,  101),
(75,  'Chaos Nova',  'Intelligence & Chaos',  'Chaos demons unleashing chaos in the Chaos Citadel.',  'Chaos Citadel Demon',  'Chaos Demon',  'Order',  5,  101),
(76,  'Frozen Lance',  'Intelligence & Frost',  'Ice mages guarding the Frozen Peak.',  'Frozen Peak Mage',  'Cryomancer',  'Fire',  4,  101),
(77,  'Decaying Touch',  'Intelligence & Decay',  'Decaying entities lurking in the Decrepit Ruins.',  'Decrepit Wraith',  'Necromancer',  'Holy',  3,  101),
(78,  'Abyssal Fury',  'Strength & Abyss',  'Furious abyssal creatures in the Abyssal Depths.',  'Abyssal Berserker',  'Abyssal',  'Light',  5,  101),
(79,  'Bloodthirsty Assault',  'Strength & Bloodlust',  'Savage warriors roaming the Bloodied Plains.',  'Bloodied Berserker',  'Warrior',  'Light',  2,  101),
(80,  'Thunderous Shockwave',  'Strength & Thunder',  'Thunderous giants residing in the Thundering Peaks.',  'Thundering Giant',  'Titan',  'Ice',  1,  101),
(81,  'Infernal Conflagration',  'Intelligence & Fire',  'Infernal lords guarding the Gates of Inferno.',  'Infernal Lord',  'Demon',  'Water',  5,  101),
(82,  'Shadow Veil',  'Dexterity & Shadow',  'Shadowy assassins lurking in the Veiled Forest.',  'Veiled Assassin',  'Rogue',  'Light',  2,  101),
(83,  'Frostbite Aura',  'Intelligence & Frost',  'Cold aura emanating from Frostbite Caverns.',  'Frostbite Guardian',  'Ice Elemental',  'Fire',  4,  101),
(84,  'Soul Devour',  'Intelligence & Soul',  'Souls reaping entities in the Soul Harvest Fields.',  'Soul Harvester',  'Reaper',  'Holy',  3,  101),
(85,  'Chaos Surge',  'Intelligence & Chaos',  'Chaotic energies surging in the Chaos Nexus.',  'Chaos Surgeon',  'Sorcerer',  'Order',  1,  101),
(86,  'Abyssal Terror',  'Strength & Abyss',  'Terrifying abyssal creatures haunting the Abyssal Trench.',  'Abyssal Terror',  'Abyssal',  'Light',  5,  101),
(87,  'Blade Fury',  'Dexterity & Blade',  'Furious blade masters in the Fury Blade Dojo.',  'Fury Blade Master',  'Blademaster',  'Fire',  3,  101),
(88,  'Necrotic Emanation',  'Intelligence & Necrotic',  'Necrotic energy emanating from the Necrotic Wasteland.',  'Necrotic Emanator',  'Deathbringer',  'Light',  4,  101),
(89,  'Frostbite',  'Intelligence & Frost',  'Frostbite elementals freezing the unwary in the Frostbite Caves.',  'Frostbite Elemental',  'Ice Elemental',  'Fire',  2,  101),
(90,  'Mind Control',  'Intelligence & Control',  'Mind-controlling entities in the depths of the Mind Control Nexus.',  'Mind Control Entity',  'Mind Manipulator',  'Light',  1,  101),
(91,  'Chaos Nova',  'Intelligence & Chaos',  'Chaos demons unleashing chaos in the Chaos Citadel.',  'Chaos Citadel Demon',  'Chaos Demon',  'Order',  5,  101),
(92,  'Frostbite Aura',  'Intelligence & Frost',  'Chilling aura emanating from the Frostbite Caves.',  'Frostbite Wraith',  'Ice Elemental',  'Fire',  4,  101),
(93,  'Soul Drain',  'Intelligence & Soul',  'Soul-draining specters haunting the Haunted Mausoleum.',  'Haunted Specter',  'Soul Reaper',  'Holy',  3,  101),
(94,  'Chaos Surge',  'Intelligence & Chaos',  'Surges of chaotic energy pulsating in the Chaotic Nexus.',  'Chaotic Surge',  'Chaos Sorcerer',  'Order',  1,  101),
(95,  'Abyssal Terror',  'Strength & Abyss',  'Terrifying abyssal entities lurking in the Depths of Despair.',  'Despair Abyssal',  'Abyssal',  'Light',  5,  101),
(96,  'Blade Fury',  'Dexterity & Blade',  'Furious blade dancers in the Dance of Blades Academy.',  'Blade Dance Fury',  'Blademaster',  'Fire',  3,  101),
(97,  'Necrotic Emanation',  'Intelligence & Necrotic',  'Necrotic energies radiating from the Necrotic Plains.',  'Necrotic Emissary',  'Deathbringer',  'Light',  4,  101),
(98,  'Frostbite',  'Intelligence & Frost',  'Frostbite elementals chilling the Frostbite Caves.',  'Frostbite Spirit',  'Ice Elemental',  'Fire',  2,  101),
(99,  'Mind Control',  'Intelligence & Control',  'Mind-controlling entities in the depths of the Control Nexus.',  'Mind Manipulation Master',  'Mind Manipulator',  'Light',  1,  101),
(100,  'Shadowmeld',  'Dexterity & Stealth',  'Shadowy creatures blending into the darkness of the Midnight Forest.',  'Midnight Shadow',  'Shadow',  'Light',  2,  101),
(101,  'Frostbite Aura',  'Intelligence & Frost',  'Cold aura emanating from Frostbite Caverns.',  'Frostbite Guardian',  'Ice Elemental',  'Fire',  4,  101),
(102,  'Soul Devour',  'Intelligence & Soul',  'Souls reaping entities in the Soul Harvest Fields.',  'Soul Harvester',  'Reaper',  'Holy',  3,  101),
(103,  'Chaos Surge',  'Intelligence & Chaos',  'Chaotic energies surging in the Chaos Nexus.',  'Chaos Surgeon',  'Sorcerer',  'Order',  1,  101),
(104,  'Abyssal Terror',  'Strength & Abyss',  'Terrifying abyssal creatures haunting the Abyssal Trench.',  'Abyssal Terror',  'Abyssal',  'Light',  5,  101),
(105,  'Blade Fury',  'Dexterity & Blade',  'Furious blade masters in the Fury Blade Dojo.',  'Fury Blade Master',  'Blademaster',  'Fire',  3,  101),
(106,  'Necrotic Emanation',  'Intelligence & Necrotic',  'Necrotic energy emanating from the Necrotic Wasteland.',  'Necrotic Emanator',  'Deathbringer',  'Light',  4,  101),
(107,  'Frostbite',  'Intelligence & Frost',  'Frostbite elementals freezing the unwary in the Frostbite Caves.',  'Frostbite Elemental',  'Ice Elemental',  'Fire',  2,  101),
(108,  'Mind Control',  'Intelligence & Control',  'Mind-controlling entities in the depths of the Mind Control Nexus.',  'Mind Control Entity',  'Mind Manipulator',  'Light',  1,  101),
(109,  'Chaos Nova',  'Intelligence & Chaos',  'Chaos demons unleashing chaos in the Chaos Citadel.',  'Chaos Citadel Demon',  'Chaos Demon',  'Order',  5,  101),
(110,  'Shadow Strike',  'Dexterity & Stealth',  'Shadowy assassins lurking in the shadows of the Darkwood Forest.',  'Darkwood Shadow',  'Assassin',  'Light',  2,  101),
(111,  'Frostbite Aura',  'Intelligence & Frost',  'Icy aura surrounding the Frostbite Caverns.',  'Frostbite Guardian',  'Ice Elemental',  'Fire',  4,  101),
(112,  'Soul Devour',  'Intelligence & Soul',  'Souls reaping entities haunting the Soul Harvest Fields.',  'Soul Harvester',  'Reaper',  'Holy',  3,  101),
(113,  'Chaos Surge',  'Intelligence & Chaos',  'Chaotic surge emanating from the Chaos Nexus.',  'Chaos Surgeon',  'Sorcerer',  'Order',  1,  101),
(114,  'Abyssal Terror',  'Strength & Abyss',  'Terrifying abyssal creatures emerging from the depths of the Abyssal Trench.',  'Abyssal Terror',  'Abyssal',  'Light',  5,  101),
(115,  'Blade Fury',  'Dexterity & Blade',  'Furious blade masters honing their skills in the Fury Blade Dojo.',  'Fury Blade Master',  'Blademaster',  'Fire',  3,  101),
(116,  'Necrotic Emanation',  'Intelligence & Necrotic',  'Necrotic energy emanating from the cursed lands of the Necrotic Wasteland.',  'Necrotic Emanator',  'Deathbringer',  'Light',  4,  101),
(117,  'Frostbite',  'Intelligence & Frost',  'Frostbite elementals freezing the unwary in the Frostbite Caves.',  'Frostbite Elemental',  'Ice Elemental',  'Fire',  2,  101),
(118,  'Mind Control',  'Intelligence & Control',  'Mind-controlling entities in the depths of the Mind Control Nexus.',  'Mind Control Entity',  'Mind Manipulator',  'Light',  1,  101),
(119,  'Chaos Nova',  'Intelligence & Chaos',  'Chaos demons unleashing chaos in the Chaos Citadel.',  'Chaos Citadel Demon',  'Chaos Demon',  'Order',  5,  101),
(120,  'Frozen Blade',  'Strength & Frost',  'Blades infused with icy magic in the Frostfire Peaks.',  'Frostfire Blade',  'Ice Warrior',  'Fire',  4,  101),
---
(121, 'Plague Burst', 'Intelligence & Decay', 'Plague-infested beings in the Pestilent Marshlands.', 'Plaguebearer', 'Plaguebringer', 'Holy', 3, 34),
(122, 'Shadow Strike', 'Dexterity & Stealth', 'Stealthy assassins lurking in the shadows of the Twilight Forest.', 'Twilight Assassin', 'Shadowstalker', 'Light', 2, 31),
(123, 'Abyssal Surge', 'Strength & Abyss', 'Surges of abyssal energy in the Abyssal Trenches.', 'Abyssal Surge', 'Abyssal Warrior', 'Light', 5, 47),
(124, 'Blade Dance', 'Dexterity & Precision', 'Masters of the blade performing intricate dances in the Moonlit Grove.', 'Moonlit Blade Dancer', 'Blademaster', 'Fire', 3, 30),
(125, 'Necrotic Aura', 'Intelligence & Necrotic', 'Necrotic energy emanating from the cursed lands of the Necrotic Wasteland.', 'Necrotic Wraith', 'Deathbringer', 'Light', 4, 45),
(126, 'Frostbite', 'Intelligence & Frost', 'Frostbite elementals freezing the unwary in the Frostbite Caves.', 'Frostbite Elemental', 'Ice Elemental', 'Fire', 2, 35),
(127, 'Mind Control', 'Intelligence & Control', 'Mind-controlling entities in the depths of the Mind Control Nexus.', 'Mind Control Entity', 'Mind Manipulator', 'Light', 1, 38),
(128, 'Chaos Nova', 'Intelligence & Chaos', 'Chaos demons unleashing chaos in the Chaos Citadel.', 'Chaos Citadel Demon', 'Chaos Demon', 'Order', 5, 49),
(129, 'Thunder Strike', 'Strength & Thunder', 'Thunderous strikes in the Thundering Plains.', 'Thundering Warrior', 'Thunderlord', 'Ice', 1, 44),
(130, 'Inferno Burst', 'Intelligence & Fire', 'Explosive bursts of inferno in the Infernal Wastes.', 'Inferno Burst', 'Infernal Mage', 'Water', 5, 39),
(131, 'Shadowstep', 'Dexterity & Shadow', 'Shadow assassins lurking in the depths of the Shadowed Woods.', 'Shadowed Assassin', 'Nightblade', 'Light', 2, 28),
(132, 'Frostbite Aura', 'Intelligence & Frost', 'Frostbite elementals freezing their surroundings in the Frostbite Caves.', 'Frostbite Elemental', 'Ice Elemental', 'Fire', 4, 41),
(133, 'Soul Drain', 'Intelligence & Soul', 'Soul reapers consuming the essence of their victims in the Souls Bane Crypt.', 'Souls Bane Revenant', 'Soul Drainer', 'Holy', 3, 34),
(134, 'Chaos Bolt', 'Intelligence & Chaos', 'Chaos mages hurling bolts of chaotic energy in the Chaos Rift.', 'Chaos Rift Sorcerer', 'Chaos Sorcerer', 'Order', 1, 37),
(135, 'Abyssal Strike', 'Strength & Abyss', 'Abyssal warriors emerging from the depths of the Abyssal Chasm.', 'Abyssal Marauder', 'Abyssal Warrior', 'Light', 5, 47),
(136, 'Blade Dance', 'Dexterity & Precision', 'Masters of the blade performing intricate dances in the Blade Dance Temple.', 'Blade Dance Master', 'Blademaster', 'Fire', 3, 32),
(137, 'Necrotic Aura', 'Intelligence & Necrotic', 'Necrotic energy emanating from the cursed lands of the Necrotic Wasteland.', 'Necrotic Wraith', 'Deathbringer', 'Light', 4, 46),
(138, 'Frostbite', 'Intelligence & Frost', 'Frostbite elementals freezing the unwary in the Frostbite Caves.', 'Frostbite Elemental', 'Ice Elemental', 'Fire', 2, 36),
(139, 'Mind Control', 'Intelligence & Control', 'Mind-controlling entities in the depths of the Mind Control Nexus.', 'Mind Control Entity', 'Mind Manipulator', 'Light', 1, 39),
(140, 'Chaos Nova', 'Intelligence & Chaos', 'Chaos demons unleashing chaos in the Chaos Citadel.', 'Chaos Citadel Demon', 'Chaos Demon', 'Order', 5, 50),
(141, 'Frozen Spear', 'Intelligence & Frost', 'Frozen spearmen guarding the icy fortress of Frostpeak Citadel.', 'Frostpeak Spearmen', 'Ice Warriors', 'Fire', 4, 29),
(142, 'Blighted Touch', 'Intelligence & Decay', 'Cursed beings lurking in the depths of the Blightwood.', 'Blightwood Wraith', 'Necrotic', 'Holy', 3, 35),
(143, 'Abyssal Roar', 'Strength & Abyss', 'Abyssal monsters dwelling in the abyssal pits of the Voidrealm.', 'Voidrealm Behemoth', 'Abyssal', 'Light', 5, 48),
(144, 'Crimson Slash', 'Strength & Blood', 'Bloodthirsty warriors of the Crimson Legion.', 'Crimson Legionnaire', 'Blood Knight', 'Light', 2, 33),
(145, 'Thunderstorm', 'Intelligence & Thunder', 'Storm elementals reigning over the stormy peaks of Thunderpeak Mountains.', 'Thunderpeak Storm Elemental', 'Storm Elemental', 'Ice', 1, 45),
(146, 'Inferno Blast', 'Intelligence & Fire', 'Infernal demons guarding the gates of the Infernal Citadel.', 'Infernal Citadel Demon', 'Infernal', 'Water', 5, 40),
(147, 'Shadow Assault', 'Dexterity & Shadow', 'Shadow assassins striking from the shadows in the Shadowed Woods.', 'Shadowed Woods Assassin', 'Nightstalker', 'Light', 2, 29),
(148, 'Frostbite Aura', 'Intelligence & Frost', 'Frostbite elementals freezing their surroundings in the Frostbite Caves.', 'Frostbite Elemental', 'Ice Elemental', 'Fire', 4, 42),
(149, 'Soul Drain', 'Intelligence & Soul', 'Soul reapers consuming the essence of their victims in the Souls Bane Crypt.', 'Souls Bane Revenant', 'Soul Drainer', 'Holy', 3, 35),
(150, 'Chaos Bolt', 'Intelligence & Chaos', 'Chaos mages hurling bolts of chaotic energy in the Chaos Rift.', 'Chaos Rift Sorcerer', 'Chaos Sorcerer', 'Order', 1, 38),
(151, 'Abyssal Strike', 'Strength & Abyss', 'Abyssal warriors emerging from the depths of the Abyssal Chasm.', 'Abyssal Marauder', 'Abyssal Warrior', 'Light', 5, 48),
(152, 'Blade Dance', 'Dexterity & Precision', 'Masters of the blade performing intricate dances in the Blade Dance Temple.', 'Blade Dance Master', 'Blademaster', 'Fire', 3, 33),
(153, 'Necrotic Aura', 'Intelligence & Necrotic', 'Necrotic energy emanating from the cursed lands of the Necrotic Wasteland.', 'Necrotic Wraith', 'Deathbringer', 'Light', 4, 46),
(154, 'Frostbite', 'Intelligence & Frost', 'Frostbite elementals freezing the unwary in the Frostbite Caves.', 'Frostbite Elemental', 'Ice Elemental', 'Fire', 2, 36),
(155, 'Mind Control', 'Intelligence & Control', 'Mind-controlling entities in the depths of the Mind Control Nexus.', 'Mind Control Entity', 'Mind Manipulator', 'Light', 1, 39),
(156, 'Chaos Nova', 'Intelligence & Chaos', 'Chaos demons unleashing chaos in the Chaos Citadel.', 'Chaos Citadel Demon', 'Chaos Demon', 'Order', 5, 50),
(157, 'Frozen Spear', 'Intelligence & Frost', 'Frozen spearmen guarding the icy fortress of Frostpeak Citadel.', 'Frostpeak Spearmen', 'Ice Warriors', 'Fire', 4, 29),
(158, 'Blighted Touch', 'Intelligence & Decay', 'Cursed beings lurking in the depths of the Blightwood.', 'Blightwood Wraith', 'Necrotic', 'Holy', 3, 35),
(159, 'Abyssal Roar', 'Strength & Abyss', 'Abyssal monsters dwelling in the abyssal pits of the Voidrealm.', 'Voidrealm Behemoth', 'Abyssal', 'Light', 5, 48),
(160, 'Crimson Slash', 'Strength & Blood', 'Bloodthirsty warriors of the Crimson Legion.', 'Crimson Legionnaire', 'Blood Knight', 'Light', 2, 33),
(161, 'Thunderstorm', 'Intelligence & Thunder', 'Storm elementals reigning over the stormy peaks of Thunderpeak Mountains.', 'Thunderpeak Storm Elemental', 'Storm Elemental', 'Ice', 1, 45),
(162, 'Inferno Blast', 'Intelligence & Fire', 'Infernal demons guarding the gates of the Infernal Citadel.', 'Infernal Citadel Demon', 'Infernal', 'Water', 5, 40),
(163, 'Shadow Assault', 'Dexterity & Shadow', 'Shadow assassins striking from the shadows in the Shadowed Woods.', 'Shadowed Woods Assassin', 'Nightstalker', 'Light', 2, 29),
(164, 'Frostbite Aura', 'Intelligence & Frost', 'Frostbite elementals freezing their surroundings in the Frostbite Caves.', 'Frostbite Elemental', 'Ice Elemental', 'Fire', 4, 42),
(165, 'Soul Drain', 'Intelligence & Soul', 'Soul reapers consuming the essence of their victims in the Souls Bane Crypt.', 'Souls Bane Revenant', 'Soul Drainer', 'Holy', 3, 35),
(166, 'Chaos Bolt', 'Intelligence & Chaos', 'Chaos mages hurling bolts of chaotic energy in the Chaos Rift.', 'Chaos Rift Sorcerer', 'Chaos Sorcerer', 'Order', 1, 38),
(167, 'Abyssal Strike', 'Strength & Abyss', 'Abyssal warriors emerging from the depths of the Abyssal Chasm.', 'Abyssal Marauder', 'Abyssal Warrior', 'Light', 5, 48),
(168, 'Blade Dance', 'Dexterity & Precision', 'Masters of the blade performing intricate dances in the Blade Dance Temple.', 'Blade Dance Master', 'Blademaster', 'Fire', 3, 33),
(169, 'Necrotic Aura', 'Intelligence & Necrotic', 'Necrotic energy emanating from the cursed lands of the Necrotic Wasteland.', 'Necrotic Wraith', 'Deathbringer', 'Light', 4, 46),
(170, 'Frostbite', 'Intelligence & Frost', 'Frostbite elementals freezing the unwary in the Frostbite Caves.', 'Frostbite Elemental', 'Ice Elemental', 'Fire', 2, 36),
(171, 'Mind Control', 'Intelligence & Control', 'Mind-controlling entities in the depths of the Mind Control Nexus.', 'Mind Control Entity', 'Mind Manipulator', 'Light', 1, 39),
(172, 'Chaos Nova', 'Intelligence & Chaos', 'Chaos demons unleashing chaos in the Chaos Citadel.', 'Chaos Citadel Demon', 'Chaos Demon', 'Order', 5, 50),
(173, 'Frozen Spear', 'Intelligence & Frost', 'Frozen spearmen guarding the icy fortress of Frostpeak Citadel.', 'Frostpeak Spearmen', 'Ice Warriors', 'Fire', 4, 29),
(174, 'Blighted Touch', 'Intelligence & Decay', 'Cursed beings lurking in the depths of the Blightwood.', 'Blightwood Wraith', 'Necrotic', 'Holy', 3, 35),
(175, 'Abyssal Roar', 'Strength & Abyss', 'Abyssal monsters dwelling in the abyssal pits of the Voidrealm.', 'Voidrealm Behemoth', 'Abyssal', 'Light', 5, 48),
(176, 'Crimson Slash', 'Strength & Blood', 'Bloodthirsty warriors of the Crimson Legion.', 'Crimson Legionnaire', 'Blood Knight', 'Light', 2, 33),
(177, 'Thunderstorm', 'Intelligence & Thunder', 'Storm elementals reigning over the stormy peaks of Thunderpeak Mountains.', 'Thunderpeak Storm Elemental', 'Storm Elemental', 'Ice', 1, 45),
(178, 'Inferno Blast', 'Intelligence & Fire', 'Infernal demons guarding the gates of the Infernal Citadel.', 'Infernal Citadel Demon', 'Infernal', 'Water', 5, 40),
(179, 'Shadow Assault', 'Dexterity & Shadow', 'Shadow assassins striking from the shadows in the Shadowed Woods.', 'Shadowed Woods Assassin', 'Nightstalker', 'Light', 2, 29),
(180, 'Frostbite Aura', 'Intelligence & Frost', 'Frostbite elementals freezing their surroundings in the Frostbite Caves.', 'Frostbite Elemental', 'Ice Elemental', 'Fire', 4, 42),
(181, 'Soul Drain', 'Intelligence & Soul', 'Soul reapers consuming the essence of their victims in the Souls Bane Crypt.', 'Souls Bane Revenant', 'Soul Drainer', 'Holy', 3, 35),
(182, 'Chaos Bolt', 'Intelligence & Chaos', 'Chaos mages hurling bolts of chaotic energy in the Chaos Rift.', 'Chaos Rift Sorcerer', 'Chaos Sorcerer', 'Order', 1, 38),
(183, 'Abyssal Strike', 'Strength & Abyss', 'Abyssal warriors emerging from the depths of the Abyssal Chasm.', 'Abyssal Marauder', 'Abyssal Warrior', 'Light', 5, 48),
(184, 'Blade Dance', 'Dexterity & Precision', 'Masters of the blade performing intricate dances in the Blade Dance Temple.', 'Blade Dance Master', 'Blademaster', 'Fire', 3, 33),
(185, 'Necrotic Aura', 'Intelligence & Necrotic', 'Necrotic energy emanating from the cursed lands of the Necrotic Wasteland.', 'Necrotic Wraith', 'Deathbringer', 'Light', 4, 46),
(186, 'Frostbite', 'Intelligence & Frost', 'Frostbite elementals freezing the unwary in the Frostbite Caves.', 'Frostbite Elemental', 'Ice Elemental', 'Fire', 2, 36),
(187, 'Mind Control', 'Intelligence & Control', 'Mind-controlling entities in the depths of the Mind Control Nexus.', 'Mind Control Entity', 'Mind Manipulator', 'Light', 1, 39),
(188, 'Chaos Nova', 'Intelligence & Chaos', 'Chaos demons unleashing chaos in the Chaos Citadel.', 'Chaos Citadel Demon', 'Chaos Demon', 'Order', 5, 50),
(189, 'Frozen Spear', 'Intelligence & Frost', 'Frozen spearmen guarding the icy fortress of Frostpeak Citadel.', 'Frostpeak Spearmen', 'Ice Warriors', 'Fire', 4, 29),
(190, 'Blighted Touch', 'Intelligence & Decay', 'Cursed beings lurking in the depths of the Blightwood.', 'Blightwood Wraith', 'Necrotic', 'Holy', 3, 35),
(191, 'Abyssal Roar', 'Strength & Abyss', 'Abyssal monsters dwelling in the abyssal pits of the Voidrealm.', 'Voidrealm Behemoth', 'Abyssal', 'Light', 5, 48),
(192, 'Crimson Slash', 'Strength & Blood', 'Bloodthirsty warriors of the Crimson Legion.', 'Crimson Legionnaire', 'Blood Knight', 'Light', 2, 33),
(193, 'Thunderstorm', 'Intelligence & Thunder', 'Storm elementals reigning over the stormy peaks of Thunderpeak Mountains.', 'Thunderpeak Storm Elemental', 'Storm Elemental', 'Ice', 1, 45),
(194, 'Inferno Blast', 'Intelligence & Fire', 'Infernal demons guarding the gates of the Infernal Citadel.', 'Infernal Citadel Demon', 'Infernal', 'Water', 5, 40),
(195, 'Shadow Assault', 'Dexterity & Shadow', 'Shadow assassins striking from the shadows in the Shadowed Woods.', 'Shadowed Woods Assassin', 'Nightstalker', 'Light', 2, 29),
(196, 'Frostbite Aura', 'Intelligence & Frost', 'Frostbite elementals freezing their surroundings in the Frostbite Caves.', 'Frostbite Elemental', 'Ice Elemental', 'Fire', 4, 42),
(197, 'Soul Drain', 'Intelligence & Soul', 'Soul reapers consuming the essence of their victims in the Souls Bane Crypt.', 'Souls Bane Revenant', 'Soul Drainer', 'Holy', 3, 35),
(198, 'Chaos Bolt', 'Intelligence & Chaos', 'Chaos mages hurling bolts of chaotic energy in the Chaos Rift.', 'Chaos Rift Sorcerer', 'Chaos Sorcerer', 'Order', 1, 38),
(199, 'Abyssal Strike', 'Strength & Abyss', 'Abyssal warriors emerging from the depths of the Abyssal Chasm.', 'Abyssal Marauder', 'Abyssal Warrior', 'Light', 5, 48),
(200, 'Blade Dance', 'Dexterity & Precision', 'Masters of the blade performing intricate dances in the Blade Dance Temple.', 'Blade Dance Master', 'Blademaster', 'Fire', 3, 33),
(201, 'Necrotic Aura', 'Intelligence & Necrotic', 'Necrotic energy emanating from the cursed lands of the Necrotic Wasteland.', 'Necrotic Wraith', 'Deathbringer', 'Light', 4, 46),
(202, 'Frostbite', 'Intelligence & Frost', 'Frostbite elementals freezing the unwary in the Frostbite Caves.', 'Frostbite Elemental', 'Ice Elemental', 'Fire', 2, 36),
(203, 'Mind Control', 'Intelligence & Control', 'Mind-controlling entities in the depths of the Mind Control Nexus.', 'Mind Control Entity', 'Mind Manipulator', 'Light', 1, 39),
(204, 'Chaos Nova', 'Intelligence & Chaos', 'Chaos demons unleashing chaos in the Chaos Citadel.', 'Chaos Citadel Demon', 'Chaos Demon', 'Order', 5, 50),
(205, 'Frozen Spear', 'Intelligence & Frost', 'Frozen spearmen guarding the icy fortress of Frostpeak Citadel.', 'Frostpeak Spearmen', 'Ice Warriors', 'Fire', 4, 29),
(206, 'Blighted Touch', 'Intelligence & Decay', 'Cursed beings lurking in the depths of the Blightwood.', 'Blightwood Wraith', 'Necrotic', 'Holy', 3, 35),
(207, 'Abyssal Roar', 'Strength & Abyss', 'Abyssal monsters dwelling in the abyssal pits of the Voidrealm.', 'Voidrealm Behemoth', 'Abyssal', 'Light', 5, 48),
(208, 'Crimson Slash', 'Strength & Blood', 'Bloodthirsty warriors of the Crimson Legion.', 'Crimson Legionnaire', 'Blood Knight', 'Light', 2, 33),
(209, 'Thunderstorm', 'Intelligence & Thunder', 'Storm elementals reigning over the stormy peaks of Thunderpeak Mountains.', 'Thunderpeak Storm Elemental', 'Storm Elemental', 'Ice', 1, 45),
(210, 'Inferno Blast', 'Intelligence & Fire', 'Infernal demons guarding the gates of the Infernal Citadel.', 'Infernal Citadel Demon', 'Infernal', 'Water', 5, 40),
(211, 'Shadow Assault', 'Dexterity & Shadow', 'Shadow assassins striking from the shadows in the Shadowed Woods.', 'Shadowed Woods Assassin', 'Nightstalker', 'Light', 2, 29),
(212, 'Frostbite Aura', 'Intelligence & Frost', 'Frostbite elementals freezing their surroundings in the Frostbite Caves.', 'Frostbite Elemental', 'Ice Elemental', 'Fire', 4, 42),
(213, 'Soul Drain', 'Intelligence & Soul', 'Soul reapers consuming the essence of their victims in the Souls Bane Crypt.', 'Souls Bane Revenant', 'Soul Drainer', 'Holy', 3, 35),
(214, 'Chaos Bolt', 'Intelligence & Chaos', 'Chaos mages hurling bolts of chaotic energy in the Chaos Rift.', 'Chaos Rift Sorcerer', 'Chaos Sorcerer', 'Order', 1, 38),
(215, 'Abyssal Strike', 'Strength & Abyss', 'Abyssal warriors emerging from the depths of the Abyssal Chasm.', 'Abyssal Marauder', 'Abyssal Warrior', 'Light', 5, 48),
(216, 'Blade Dance', 'Dexterity & Precision', 'Masters of the blade performing intricate dances in the Blade Dance Temple.', 'Blade Dance Master', 'Blademaster', 'Fire', 3, 33),
(217, 'Necrotic Aura', 'Intelligence & Necrotic', 'Necrotic energy emanating from the cursed lands of the Necrotic Wasteland.', 'Necrotic Wraith', 'Deathbringer', 'Light', 4, 46),
(218, 'Frostbite', 'Intelligence & Frost', 'Frostbite elementals freezing the unwary in the Frostbite Caves.', 'Frostbite Elemental', 'Ice Elemental', 'Fire', 2, 36),
(219, 'Mind Control', 'Intelligence & Control', 'Mind-controlling entities in the depths of the Mind Control Nexus.', 'Mind Control Entity', 'Mind Manipulator', 'Light', 1, 39),
(220, 'Chaos Nova', 'Intelligence & Chaos', 'Chaos demons unleashing chaos in the Chaos Citadel.', 'Chaos Citadel Demon', 'Chaos Demon', 'Order', 5, 50),
(221, 'Frozen Spear', 'Intelligence & Frost', 'Frozen spearmen guarding the icy fortress of Frostpeak Citadel.', 'Frostpeak Spearmen', 'Ice Warriors', 'Fire', 4, 29),
(222, 'Blighted Touch', 'Intelligence & Decay', 'Cursed beings lurking in the depths of the Blightwood.', 'Blightwood Wraith', 'Necrotic', 'Holy', 3, 35),
(223, 'Abyssal Roar', 'Strength & Abyss', 'Abyssal monsters dwelling in the abyssal pits of the Voidrealm.', 'Voidrealm Behemoth', 'Abyssal', 'Light', 5, 48),
(224, 'Crimson Slash', 'Strength & Blood', 'Bloodthirsty warriors of the Crimson Legion.', 'Crimson Legionnaire', 'Blood Knight', 'Light', 2, 33),
(225, 'Thunderstorm', 'Intelligence & Thunder', 'Storm elementals reigning over the stormy peaks of Thunderpeak Mountains.', 'Thunderpeak Storm Elemental', 'Storm Elemental', 'Ice', 1, 45),
(226, 'Inferno Blast', 'Intelligence & Fire', 'Infernal demons guarding the gates of the Infernal Citadel.', 'Infernal Citadel Demon', 'Infernal', 'Water', 5, 40),
(227, 'Shadow Assault', 'Dexterity & Shadow', 'Shadow assassins striking from the shadows in the Shadowed Woods.', 'Shadowed Woods Assassin', 'Nightstalker', 'Light', 2, 29),
(228, 'Frostbite Aura', 'Intelligence & Frost', 'Frostbite elementals freezing their surroundings in the Frostbite Caves.', 'Frostbite Elemental', 'Ice Elemental', 'Fire', 4, 42),
(229, 'Soul Drain', 'Intelligence & Soul', 'Soul reapers consuming the essence of their victims in the Souls Bane Crypt.', 'Souls Bane Revenant', 'Soul Drainer', 'Holy', 3, 35),
(230, 'Chaos Bolt', 'Intelligence & Chaos', 'Chaos mages hurling bolts of chaotic energy in the Chaos Rift.', 'Chaos Rift Sorcerer', 'Chaos Sorcerer', 'Order', 1, 38),
(231, 'Abyssal Strike', 'Strength & Abyss', 'Abyssal warriors emerging from the depths of the Abyssal Chasm.', 'Abyssal Marauder', 'Abyssal Warrior', 'Light', 5, 48),
(232, 'Blade Dance', 'Dexterity & Precision', 'Masters of the blade performing intricate dances in the Blade Dance Temple.', 'Blade Dance Master', 'Blademaster', 'Fire', 3, 33),
(233, 'Necrotic Aura', 'Intelligence & Necrotic', 'Necrotic energy emanating from the cursed lands of the Necrotic Wasteland.', 'Necrotic Wraith', 'Deathbringer', 'Light', 4, 46),
(234, 'Frostbite', 'Intelligence & Frost', 'Frostbite elementals freezing the unwary in the Frostbite Caves.', 'Frostbite Elemental', 'Ice Elemental', 'Fire', 2, 36),
(235, 'Mind Control', 'Intelligence & Control', 'Mind-controlling entities in the depths of the Mind Control Nexus.', 'Mind Control Entity', 'Mind Manipulator', 'Light', 1, 39),
(236, 'Chaos Nova', 'Intelligence & Chaos', 'Chaos demons unleashing chaos in the Chaos Citadel.', 'Chaos Citadel Demon', 'Chaos Demon', 'Order', 5, 50),
(237, 'Frozen Spear', 'Intelligence & Frost', 'Frozen spearmen guarding the icy fortress of Frostpeak Citadel.', 'Frostpeak Spearmen', 'Ice Warriors', 'Fire', 4, 29),
(238, 'Blighted Touch', 'Intelligence & Decay', 'Cursed beings lurking in the depths of the Blightwood.', 'Blightwood Wraith', 'Necrotic', 'Holy', 3, 35),
(239, 'Abyssal Roar', 'Strength & Abyss', 'Abyssal monsters dwelling in the abyssal pits of the Voidrealm.', 'Voidrealm Behemoth', 'Abyssal', 'Light', 5, 48),
(240, 'Crimson Slash', 'Strength & Blood', 'Bloodthirsty warriors of the Crimson Legion.', 'Crimson Legionnaire', 'Blood Knight', 'Light', 2, 33),
(241, 'Thunderstorm', 'Intelligence & Thunder', 'Storm elementals reigning over the stormy peaks of Thunderpeak Mountains.', 'Thunderpeak Storm Elemental', 'Storm Elemental', 'Ice', 1, 45),
(242, 'Inferno Blast', 'Intelligence & Fire', 'Infernal demons guarding the gates of the Infernal Citadel.', 'Infernal Citadel Demon', 'Infernal', 'Water', 5, 40),
(243, 'Shadow Assault', 'Dexterity & Shadow', 'Shadow assassins striking from the shadows in the Shadowed Woods.', 'Shadowed Woods Assassin', 'Nightstalker', 'Light', 2, 29),
(244, 'Frostbite Aura', 'Intelligence & Frost', 'Frostbite elementals freezing their surroundings in the Frostbite Caves.', 'Frostbite Elemental', 'Ice Elemental', 'Fire', 4, 42),
(245, 'Soul Drain', 'Intelligence & Soul', 'Soul reapers consuming the essence of their victims in the Souls Bane Crypt.', 'Souls Bane Revenant', 'Soul Drainer', 'Holy', 3, 35),
(246, 'Chaos Bolt', 'Intelligence & Chaos', 'Chaos mages hurling bolts of chaotic energy in the Chaos Rift.', 'Chaos Rift Sorcerer', 'Chaos Sorcerer', 'Order', 1, 38),
(247, 'Abyssal Strike', 'Strength & Abyss', 'Abyssal warriors emerging from the depths of the Abyssal Chasm.', 'Abyssal Marauder', 'Abyssal Warrior', 'Light', 5, 48),
(248, 'Blade Dance', 'Dexterity & Precision', 'Masters of the blade performing intricate dances in the Blade Dance Temple.', 'Blade Dance Master', 'Blademaster', 'Fire', 3, 33),
(249, 'Necrotic Aura', 'Intelligence & Necrotic', 'Necrotic energy emanating from the cursed lands of the Necrotic Wasteland.', 'Necrotic Wraith', 'Deathbringer', 'Light', 4, 46),
(250, 'Frostbite', 'Intelligence & Frost', 'Frostbite elementals freezing the unwary in the Frostbite Caves.', 'Frostbite Elemental', 'Ice Elemental', 'Fire', 2, 36),
(251, 'Mind Control', 'Intelligence & Control', 'Mind-controlling entities in the depths of the Mind Control Nexus.', 'Mind Control Entity', 'Mind Manipulator', 'Light', 1, 39),
(252, 'Chaos Nova', 'Intelligence & Chaos', 'Chaos demons unleashing chaos in the Chaos Citadel.', 'Chaos Citadel Demon', 'Chaos Demon', 'Order', 5, 50),
(253, 'Frozen Spear', 'Intelligence & Frost', 'Frozen spearmen guarding the icy fortress of Frostpeak Citadel.', 'Frostpeak Spearmen', 'Ice Warriors', 'Fire', 4, 29),
(254, 'Blighted Touch', 'Intelligence & Decay', 'Cursed beings lurking in the depths of the Blightwood.', 'Blightwood Wraith', 'Necrotic', 'Holy', 3, 35),
(255, 'Abyssal Roar', 'Strength & Abyss', 'Abyssal monsters dwelling in the abyssal pits of the Voidrealm.', 'Voidrealm Behemoth', 'Abyssal', 'Light', 5, 48),
(256, 'Crimson Slash', 'Strength & Blood', 'Bloodthirsty warriors of the Crimson Legion.', 'Crimson Legionnaire', 'Blood Knight', 'Light', 2, 33),
(257, 'Thunderstorm', 'Intelligence & Thunder', 'Storm elementals reigning over the stormy peaks of Thunderpeak Mountains.', 'Thunderpeak Storm Elemental', 'Storm Elemental', 'Ice', 1, 45),
(258, 'Inferno Blast', 'Intelligence & Fire', 'Infernal demons guarding the gates of the Infernal Citadel.', 'Infernal Citadel Demon', 'Infernal', 'Water', 5, 40),
(259, 'Shadow Assault', 'Dexterity & Shadow', 'Shadow assassins striking from the shadows in the Shadowed Woods.', 'Shadowed Woods Assassin', 'Nightstalker', 'Light', 2, 29),
(260, 'Frostbite Aura', 'Intelligence & Frost', 'Frostbite elementals freezing their surroundings in the Frostbite Caves.', 'Frostbite Elemental', 'Ice Elemental', 'Fire', 4, 42),
(261, 'Soul Drain', 'Intelligence & Soul', 'Soul reapers consuming the essence of their victims in the Souls Bane Crypt.', 'Souls Bane Revenant', 'Soul Drainer', 'Holy', 3, 35),
(262, 'Chaos Bolt', 'Intelligence & Chaos', 'Chaos mages hurling bolts of chaotic energy in the Chaos Rift.', 'Chaos Rift Sorcerer', 'Chaos Sorcerer', 'Order', 1, 38),
(263, 'Abyssal Strike', 'Strength & Abyss', 'Abyssal warriors emerging from the depths of the Abyssal Chasm.', 'Abyssal Marauder', 'Abyssal Warrior', 'Light', 5, 48),
(264, 'Blade Dance', 'Dexterity & Precision', 'Masters of the blade performing intricate dances in the Blade Dance Temple.', 'Blade Dance Master', 'Blademaster', 'Fire', 3, 33),
(265, 'Necrotic Aura', 'Intelligence & Necrotic', 'Necrotic energy emanating from the cursed lands of the Necrotic Wasteland.', 'Necrotic Wraith', 'Deathbringer', 'Light', 4, 46),
(266, 'Frostbite', 'Intelligence & Frost', 'Frostbite elementals freezing the unwary in the Frostbite Caves.', 'Frostbite Elemental', 'Ice Elemental', 'Fire', 2, 36),
(267, 'Mind Control', 'Intelligence & Control', 'Mind-controlling entities in the depths of the Mind Control Nexus.', 'Mind Control Entity', 'Mind Manipulator', 'Light', 1, 39),
(268, 'Chaos Nova', 'Intelligence & Chaos', 'Chaos demons unleashing chaos in the Chaos Citadel.', 'Chaos Citadel Demon', 'Chaos Demon', 'Order', 5, 50),
(269, 'Frozen Spear', 'Intelligence & Frost', 'Frozen spearmen guarding the icy fortress of Frostpeak Citadel.', 'Frostpeak Spearmen', 'Ice Warriors', 'Fire', 4, 29),
(270, 'Blighted Touch', 'Intelligence & Decay', 'Cursed beings lurking in the depths of the Blightwood.', 'Blightwood Wraith', 'Necrotic', 'Holy', 3, 35),
(271, 'Abyssal Roar', 'Strength & Abyss', 'Abyssal monsters dwelling in the abyssal pits of the Voidrealm.', 'Voidrealm Behemoth', 'Abyssal', 'Light', 5, 48),
(272, 'Crimson Slash', 'Strength & Blood', 'Bloodthirsty warriors of the Crimson Legion.', 'Crimson Legionnaire', 'Blood Knight', 'Light', 2, 33),
(273, 'Thunderstorm', 'Intelligence & Thunder', 'Storm elementals reigning over the stormy peaks of Thunderpeak Mountains.', 'Thunderpeak Storm Elemental', 'Storm Elemental', 'Ice', 1, 45),
(274, 'Inferno Blast', 'Intelligence & Fire', 'Infernal demons guarding the gates of the Infernal Citadel.', 'Infernal Citadel Demon', 'Infernal', 'Water', 5, 40),
(275, 'Shadow Assault', 'Dexterity & Shadow', 'Shadow assassins striking from the shadows in the Shadowed Woods.', 'Shadowed Woods Assassin', 'Nightstalker', 'Light', 2, 29),
(276, 'Frostbite Aura', 'Intelligence & Frost', 'Frostbite elementals freezing their surroundings in the Frostbite Caves.', 'Frostbite Elemental', 'Ice Elemental', 'Fire', 4, 42),
(277, 'Soul Drain', 'Intelligence & Soul', 'Soul reapers consuming the essence of their victims in the Souls Bane Crypt.', 'Souls Bane Revenant', 'Soul Drainer', 'Holy', 3, 35),
(278, 'Chaos Bolt', 'Intelligence & Chaos', 'Chaos mages hurling bolts of chaotic energy in the Chaos Rift.', 'Chaos Rift Sorcerer', 'Chaos Sorcerer', 'Order', 1, 38),
(279, 'Abyssal Strike', 'Strength & Abyss', 'Abyssal warriors emerging from the depths of the Abyssal Chasm.', 'Abyssal Marauder', 'Abyssal Warrior', 'Light', 5, 48),
(280, 'Blade Dance', 'Dexterity & Precision', 'Masters of the blade performing intricate dances in the Blade Dance Temple.', 'Blade Dance Master', 'Blademaster', 'Fire', 3, 33),
(281, 'Necrotic Aura', 'Intelligence & Necrotic', 'Necrotic energy emanating from the cursed lands of the Necrotic Wasteland.', 'Necrotic Wraith', 'Deathbringer', 'Light', 4, 46),
(282, 'Frostbite', 'Intelligence & Frost', 'Frostbite elementals freezing the unwary in the Frostbite Caves.', 'Frostbite Elemental', 'Ice Elemental', 'Fire', 2, 36),
(283, 'Mind Control', 'Intelligence & Control', 'Mind-controlling entities in the depths of the Mind Control Nexus.', 'Mind Control Entity', 'Mind Manipulator', 'Light', 1, 39),
(284, 'Chaos Nova', 'Intelligence & Chaos', 'Chaos demons unleashing chaos in the Chaos Citadel.', 'Chaos Citadel Demon', 'Chaos Demon', 'Order', 5, 50),
(285, 'Frozen Spear', 'Intelligence & Frost', 'Frozen spearmen guarding the icy fortress of Frostpeak Citadel.', 'Frostpeak Spearmen', 'Ice Warriors', 'Fire', 4, 29),
(286, 'Blighted Touch', 'Intelligence & Decay', 'Cursed beings lurking in the depths of the Blightwood.', 'Blightwood Wraith', 'Necrotic', 'Holy', 3, 35),
(287, 'Abyssal Roar', 'Strength & Abyss', 'Abyssal monsters dwelling in the abyssal pits of the Voidrealm.', 'Voidrealm Behemoth', 'Abyssal', 'Light', 5, 48),
(288, 'Crimson Slash', 'Strength & Blood', 'Bloodthirsty warriors of the Crimson Legion.', 'Crimson Legionnaire', 'Blood Knight', 'Light', 2, 33),
(289, 'Thunderstorm', 'Intelligence & Thunder', 'Storm elementals reigning over the stormy peaks of Thunderpeak Mountains.', 'Thunderpeak Storm Elemental', 'Storm Elemental', 'Ice', 1, 45),
(290, 'Inferno Blast', 'Intelligence & Fire', 'Infernal demons guarding the gates of the Infernal Citadel.', 'Infernal Citadel Demon', 'Infernal', 'Water', 5, 40),
(291, 'Shadow Assault', 'Dexterity & Shadow', 'Shadow assassins striking from the shadows in the Shadowed Woods.', 'Shadowed Woods Assassin', 'Nightstalker', 'Light', 2, 29),
(292, 'Frostbite Aura', 'Intelligence & Frost', 'Frostbite elementals freezing their surroundings in the Frostbite Caves.', 'Frostbite Elemental', 'Ice Elemental', 'Fire', 4, 42),
(293, 'Soul Drain', 'Intelligence & Soul', 'Soul reapers consuming the essence of their victims in the Souls Bane Crypt.', 'Souls Bane Revenant', 'Soul Drainer', 'Holy', 3, 35),
(294, 'Chaos Bolt', 'Intelligence & Chaos', 'Chaos mages hurling bolts of chaotic energy in the Chaos Rift.', 'Chaos Rift Sorcerer', 'Chaos Sorcerer', 'Order', 1, 38),
(295, 'Abyssal Strike', 'Strength & Abyss', 'Abyssal warriors emerging from the depths of the Abyssal Chasm.', 'Abyssal Marauder', 'Abyssal Warrior', 'Light', 5, 48),
(296, 'Blade Dance', 'Dexterity & Precision', 'Masters of the blade performing intricate dances in the Blade Dance Temple.', 'Blade Dance Master', 'Blademaster', 'Fire', 3, 33),
(297, 'Necrotic Aura', 'Intelligence & Necrotic', 'Necrotic energy emanating from the cursed lands of the Necrotic Wasteland.', 'Necrotic Wraith', 'Deathbringer', 'Light', 4, 46),
(298, 'Frostbite', 'Intelligence & Frost', 'Frostbite elementals freezing the unwary in the Frostbite Caves.', 'Frostbite Elemental', 'Ice Elemental', 'Fire', 2, 36),
(299, 'Mind Control', 'Intelligence & Control', 'Mind-controlling entities in the depths of the Mind Control Nexus.', 'Mind Control Entity', 'Mind Manipulator', 'Light', 1, 39),
(300, 'Chaos Nova', 'Intelligence & Chaos', 'Chaos demons unleashing chaos in the Chaos Citadel.', 'Chaos Citadel Demon', 'Chaos Demon', 'Order', 5, 50),
(301, 'Frozen Spear', 'Intelligence & Frost', 'Frozen spearmen guarding the icy fortress of Frostpeak Citadel.', 'Frostpeak Spearmen', 'Ice Warriors', 'Fire', 4, 29),
(302, 'Blighted Touch', 'Intelligence & Decay', 'Cursed beings lurking in the depths of the Blightwood.', 'Blightwood Wraith', 'Necrotic', 'Holy', 3, 35),
(303, 'Abyssal Roar', 'Strength & Abyss', 'Abyssal monsters dwelling in the abyssal pits of the Voidrealm.', 'Voidrealm Behemoth', 'Abyssal', 'Light', 5, 48),
(304, 'Crimson Slash', 'Strength & Blood', 'Bloodthirsty warriors of the Crimson Legion.', 'Crimson Legionnaire', 'Blood Knight', 'Light', 2, 33),
(305, 'Thunderstorm', 'Intelligence & Thunder', 'Storm elementals reigning over the stormy peaks of Thunderpeak Mountains.', 'Thunderpeak Storm Elemental', 'Storm Elemental', 'Ice', 1, 45),
(306, 'Inferno Blast', 'Intelligence & Fire', 'Infernal demons guarding the gates of the Infernal Citadel.', 'Infernal Citadel Demon', 'Infernal', 'Water', 5, 40),
(307, 'Shadow Assault', 'Dexterity & Shadow', 'Shadow assassins striking from the shadows in the Shadowed Woods.', 'Shadowed Woods Assassin', 'Nightstalker', 'Light', 2, 29),
(308, 'Frostbite Aura', 'Intelligence & Frost', 'Frostbite elementals freezing their surroundings in the Frostbite Caves.', 'Frostbite Elemental', 'Ice Elemental', 'Fire', 4, 42),
(309, 'Soul Drain', 'Intelligence & Soul', 'Soul reapers consuming the essence of their victims in the Souls Bane Crypt.', 'Souls Bane Revenant', 'Soul Drainer', 'Holy', 3, 35),
(310, 'Chaos Bolt', 'Intelligence & Chaos', 'Chaos mages hurling bolts of chaotic energy in the Chaos Rift.', 'Chaos Rift Sorcerer', 'Chaos Sorcerer', 'Order', 1, 38),
(311, 'Abyssal Strike', 'Strength & Abyss', 'Abyssal warriors emerging from the depths of the Abyssal Chasm.', 'Abyssal Marauder', 'Abyssal Warrior', 'Light', 5, 48),
(312, 'Blade Dance', 'Dexterity & Precision', 'Masters of the blade performing intricate dances in the Blade Dance Temple.', 'Blade Dance Master', 'Blademaster', 'Fire', 3, 33),
(313, 'Necrotic Aura', 'Intelligence & Necrotic', 'Necrotic energy emanating from the cursed lands of the Necrotic Wasteland.', 'Necrotic Wraith', 'Deathbringer', 'Light', 4, 46),
(314, 'Frostbite', 'Intelligence & Frost', 'Frostbite elementals freezing the unwary in the Frostbite Caves.', 'Frostbite Elemental', 'Ice Elemental', 'Fire', 2, 36),
(315, 'Mind Control', 'Intelligence & Control', 'Mind-controlling entities in the depths of the Mind Control Nexus.', 'Mind Control Entity', 'Mind Manipulator', 'Light', 1, 39),
(316, 'Chaos Nova', 'Intelligence & Chaos', 'Chaos demons unleashing chaos in the Chaos Citadel.', 'Chaos Citadel Demon', 'Chaos Demon', 'Order', 5, 50),
(317, 'Frozen Spear', 'Intelligence & Frost', 'Frozen spearmen guarding the icy fortress of Frostpeak Citadel.', 'Frostpeak Spearmen', 'Ice Warriors', 'Fire', 4, 29),
(318, 'Blighted Touch', 'Intelligence & Decay', 'Cursed beings lurking in the depths of the Blightwood.', 'Blightwood Wraith', 'Necrotic', 'Holy', 3, 35),
(319, 'Abyssal Roar', 'Strength & Abyss', 'Abyssal monsters dwelling in the abyssal pits of the Voidrealm.', 'Voidrealm Behemoth', 'Abyssal', 'Light', 5, 48),
(320, 'Crimson Slash', 'Strength & Blood', 'Bloodthirsty warriors of the Crimson Legion.', 'Crimson Legionnaire', 'Blood Knight', 'Light', 2, 33),
(321, 'Thunderstorm', 'Intelligence & Thunder', 'Storm elementals reigning over the stormy peaks of Thunderpeak Mountains.', 'Thunderpeak Storm Elemental', 'Storm Elemental', 'Ice', 1, 45),
(322, 'Inferno Blast', 'Intelligence & Fire', 'Infernal demons guarding the gates of the Infernal Citadel.', 'Infernal Citadel Demon', 'Infernal', 'Water', 5, 40),
(323, 'Shadow Assault', 'Dexterity & Shadow', 'Shadow assassins striking from the shadows in the Shadowed Woods.', 'Shadowed Woods Assassin', 'Nightstalker', 'Light', 2, 29),
(324, 'Frostbite Aura', 'Intelligence & Frost', 'Frostbite elementals freezing their surroundings in the Frostbite Caves.', 'Frostbite Elemental', 'Ice Elemental', 'Fire', 4, 42),
(325, 'Soul Drain', 'Intelligence & Soul', 'Soul reapers consuming the essence of their victims in the Souls Bane Crypt.', 'Souls Bane Revenant', 'Soul Drainer', 'Holy', 3, 35),
(326, 'Chaos Bolt', 'Intelligence & Chaos', 'Chaos mages hurling bolts of chaotic energy in the Chaos Rift.', 'Chaos Rift Sorcerer', 'Chaos Sorcerer', 'Order', 1, 38),
(327, 'Abyssal Strike', 'Strength & Abyss', 'Abyssal warriors emerging from the depths of the Abyssal Chasm.', 'Abyssal Marauder', 'Abyssal Warrior', 'Light', 5, 48),
(328, 'Blade Dance', 'Dexterity & Precision', 'Masters of the blade performing intricate dances in the Blade Dance Temple.', 'Blade Dance Master', 'Blademaster', 'Fire', 3, 33),
(329, 'Necrotic Aura', 'Intelligence & Necrotic', 'Necrotic energy emanating from the cursed lands of the Necrotic Wasteland.', 'Necrotic Wraith', 'Deathbringer', 'Light', 4, 46),
(330, 'Frostbite', 'Intelligence & Frost', 'Frostbite elementals freezing the unwary in the Frostbite Caves.', 'Frostbite Elemental', 'Ice Elemental', 'Fire', 2, 36),
(331, 'Mind Control', 'Intelligence & Control', 'Mind-controlling entities in the depths of the Mind Control Nexus.', 'Mind Control Entity', 'Mind Manipulator', 'Light', 1, 39),
(332, 'Chaos Nova', 'Intelligence & Chaos', 'Chaos demons unleashing chaos in the Chaos Citadel.', 'Chaos Citadel Demon', 'Chaos Demon', 'Order', 5, 50),
(333, 'Frozen Spear', 'Intelligence & Frost', 'Frozen spearmen guarding the icy fortress of Frostpeak Citadel.', 'Frostpeak Spearmen', 'Ice Warriors', 'Fire', 4, 29),
(334, 'Blighted Touch', 'Intelligence & Decay', 'Cursed beings lurking in the depths of the Blightwood.', 'Blightwood Wraith', 'Necrotic', 'Holy', 3, 35),
(335, 'Abyssal Roar', 'Strength & Abyss', 'Abyssal monsters dwelling in the abyssal pits of the Voidrealm.', 'Voidrealm Behemoth', 'Abyssal', 'Light', 5, 48),
(336, 'Crimson Slash', 'Strength & Blood', 'Bloodthirsty warriors of the Crimson Legion.', 'Crimson Legionnaire', 'Blood Knight', 'Light', 2, 33),
(337, 'Thunderstorm', 'Intelligence & Thunder', 'Storm elementals reigning over the stormy peaks of Thunderpeak Mountains.', 'Thunderpeak Storm Elemental', 'Storm Elemental', 'Ice', 1, 45),
(338, 'Inferno Blast', 'Intelligence & Fire', 'Infernal demons guarding the gates of the Infernal Citadel.', 'Infernal Citadel Demon', 'Infernal', 'Water', 5, 40),
(339, 'Shadow Assault', 'Dexterity & Shadow', 'Shadow assassins striking from the shadows in the Shadowed Woods.', 'Shadowed Woods Assassin', 'Nightstalker', 'Light', 2, 29),
(340, 'Frostbite Aura', 'Intelligence & Frost', 'Frostbite elementals freezing their surroundings in the Frostbite Caves.', 'Frostbite Elemental', 'Ice Elemental', 'Fire', 4, 42),
(341, 'Soul Drain', 'Intelligence & Soul', 'Soul reapers consuming the essence of their victims in the Souls Bane Crypt.', 'Souls Bane Revenant', 'Soul Drainer', 'Holy', 3, 35),
(342, 'Chaos Bolt', 'Intelligence & Chaos', 'Chaos mages hurling bolts of chaotic energy in the Chaos Rift.', 'Chaos Rift Sorcerer', 'Chaos Sorcerer', 'Order', 1, 38),
(343, 'Abyssal Strike', 'Strength & Abyss', 'Abyssal warriors emerging from the depths of the Abyssal Chasm.', 'Abyssal Marauder', 'Abyssal Warrior', 'Light', 5, 48),
(344, 'Blade Dance', 'Dexterity & Precision', 'Masters of the blade performing intricate dances in the Blade Dance Temple.', 'Blade Dance Master', 'Blademaster', 'Fire', 3, 33),
(345, 'Necrotic Aura', 'Intelligence & Necrotic', 'Necrotic energy emanating from the cursed lands of the Necrotic Wasteland.', 'Necrotic Wraith', 'Deathbringer', 'Light', 4, 46),
(346, 'Frostbite', 'Intelligence & Frost', 'Frostbite elementals freezing the unwary in the Frostbite Caves.', 'Frostbite Elemental', 'Ice Elemental', 'Fire', 2, 36),
(347, 'Mind Control', 'Intelligence & Control', 'Mind-controlling entities in the depths of the Mind Control Nexus.', 'Mind Control Entity', 'Mind Manipulator', 'Light', 1, 39),
(348, 'Chaos Nova', 'Intelligence & Chaos', 'Chaos demons unleashing chaos in the Chaos Citadel.', 'Chaos Citadel Demon', 'Chaos Demon', 'Order', 5, 50),
(349, 'Frozen Spear', 'Intelligence & Frost', 'Frozen spearmen guarding the icy fortress of Frostpeak Citadel.', 'Frostpeak Spearmen', 'Ice Warriors', 'Fire', 4, 29),
(350, 'Blighted Touch', 'Intelligence & Decay', 'Cursed beings lurking in the depths of the Blightwood.', 'Blightwood Wraith', 'Necrotic', 'Holy', 3, 35),
(351, 'Abyssal Roar', 'Strength & Abyss', 'Abyssal monsters dwelling in the abyssal pits of the Voidrealm.', 'Voidrealm Behemoth', 'Abyssal', 'Light', 5, 48),
(352, 'Crimson Slash', 'Strength & Blood', 'Bloodthirsty warriors of the Crimson Legion.', 'Crimson Legionnaire', 'Blood Knight', 'Light', 2, 33),
(353, 'Thunderstorm', 'Intelligence & Thunder', 'Storm elementals reigning over the stormy peaks of Thunderpeak Mountains.', 'Thunderpeak Storm Elemental', 'Storm Elemental', 'Ice', 1, 45),
(354, 'Inferno Blast', 'Intelligence & Fire', 'Infernal demons guarding the gates of the Infernal Citadel.', 'Infernal Citadel Demon', 'Infernal', 'Water', 5, 40),
(355, 'Shadow Assault', 'Dexterity & Shadow', 'Shadow assassins striking from the shadows in the Shadowed Woods.', 'Shadowed Woods Assassin', 'Nightstalker', 'Light', 2, 29),
(356, 'Frostbite Aura', 'Intelligence & Frost', 'Frostbite elementals freezing their surroundings in the Frostbite Caves.', 'Frostbite Elemental', 'Ice Elemental', 'Fire', 4, 42),
(357, 'Soul Drain', 'Intelligence & Soul', 'Soul reapers consuming the essence of their victims in the Souls Bane Crypt.', 'Souls Bane Revenant', 'Soul Drainer', 'Holy', 3, 35),
(358, 'Chaos Bolt', 'Intelligence & Chaos', 'Chaos mages hurling bolts of chaotic energy in the Chaos Rift.', 'Chaos Rift Sorcerer', 'Chaos Sorcerer', 'Order', 1, 38),
(359, 'Abyssal Strike', 'Strength & Abyss', 'Abyssal warriors emerging from the depths of the Abyssal Chasm.', 'Abyssal Marauder', 'Abyssal Warrior', 'Light', 5, 48),
(360, 'Blade Dance', 'Dexterity & Precision', 'Masters of the blade performing intricate dances in the Blade Dance Temple.', 'Blade Dance Master', 'Blademaster', 'Fire', 3, 33),
(361, 'Necrotic Aura', 'Intelligence & Necrotic', 'Necrotic energy emanating from the cursed lands of the Necrotic Wasteland.', 'Necrotic Wraith', 'Deathbringer', 'Light', 4, 46),
(362, 'Frostbite', 'Intelligence & Frost', 'Frostbite elementals freezing the unwary in the Frostbite Caves.', 'Frostbite Elemental', 'Ice Elemental', 'Fire', 2, 36),
(363, 'Mind Control', 'Intelligence & Control', 'Mind-controlling entities in the depths of the Mind Control Nexus.', 'Mind Control Entity', 'Mind Manipulator', 'Light', 1, 39),
(364, 'Chaos Nova', 'Intelligence & Chaos', 'Chaos demons unleashing chaos in the Chaos Citadel.', 'Chaos Citadel Demon', 'Chaos Demon', 'Order', 5, 50),
(365, 'Frozen Spear', 'Intelligence & Frost', 'Frozen spearmen guarding the icy fortress of Frostpeak Citadel.', 'Frostpeak Spearmen', 'Ice Warriors', 'Fire', 4, 29),
(366, 'Blighted Touch', 'Intelligence & Decay', 'Cursed beings lurking in the depths of the Blightwood.', 'Blightwood Wraith', 'Necrotic', 'Holy', 3, 35),
(367, 'Abyssal Roar', 'Strength & Abyss', 'Abyssal monsters dwelling in the abyssal pits of the Voidrealm.', 'Voidrealm Behemoth', 'Abyssal', 'Light', 5, 48),
(368, 'Crimson Slash', 'Strength & Blood', 'Bloodthirsty warriors of the Crimson Legion.', 'Crimson Legionnaire', 'Blood Knight', 'Light', 2, 33),
(369, 'Thunderstorm', 'Intelligence & Thunder', 'Storm elementals reigning over the stormy peaks of Thunderpeak Mountains.', 'Thunderpeak Storm Elemental', 'Storm Elemental', 'Ice', 1, 45),
(370, 'Inferno Blast', 'Intelligence & Fire', 'Infernal demons guarding the gates of the Infernal Citadel.', 'Infernal Citadel Demon', 'Infernal', 'Water', 5, 40),
(371, 'Shadow Assault', 'Dexterity & Shadow', 'Shadow assassins striking from the shadows in the Shadowed Woods.', 'Shadowed Woods Assassin', 'Nightstalker', 'Light', 2, 29),
(372, 'Frostbite Aura', 'Intelligence & Frost', 'Frostbite elementals freezing their surroundings in the Frostbite Caves.', 'Frostbite Elemental', 'Ice Elemental', 'Fire', 4, 42),
(373, 'Soul Drain', 'Intelligence & Soul', 'Soul reapers consuming the essence of their victims in the Souls Bane Crypt.', 'Souls Bane Revenant', 'Soul Drainer', 'Holy', 3, 35),
(374, 'Chaos Bolt', 'Intelligence & Chaos', 'Chaos mages hurling bolts of chaotic energy in the Chaos Rift.', 'Chaos Rift Sorcerer', 'Chaos Sorcerer', 'Order', 1, 38),
(375, 'Abyssal Strike', 'Strength & Abyss', 'Abyssal warriors emerging from the depths of the Abyssal Chasm.', 'Abyssal Marauder', 'Abyssal Warrior', 'Light', 5, 48),
(376, 'Blade Dance', 'Dexterity & Precision', 'Masters of the blade performing intricate dances in the Blade Dance Temple.', 'Blade Dance Master', 'Blademaster', 'Fire', 3, 33),
(377, 'Necrotic Aura', 'Intelligence & Necrotic', 'Necrotic energy emanating from the cursed lands of the Necrotic Wasteland.', 'Necrotic Wraith', 'Deathbringer', 'Light', 4, 46),
(378, 'Frostbite', 'Intelligence & Frost', 'Frostbite elementals freezing the unwary in the Frostbite Caves.', 'Frostbite Elemental', 'Ice Elemental', 'Fire', 2, 36),
(379, 'Mind Control', 'Intelligence & Control', 'Mind-controlling entities in the depths of the Mind Control Nexus.', 'Mind Control Entity', 'Mind Manipulator', 'Light', 1, 39),
(380, 'Chaos Nova', 'Intelligence & Chaos', 'Chaos demons unleashing chaos in the Chaos Citadel.', 'Chaos Citadel Demon', 'Chaos Demon', 'Order', 5, 50);
SET IDENTITY_INSERT Characters OFF;

--

INSERT INTO IsAt (CharacterID, LocationID)
VALUES
(1, 2),
(2, 5),
(3, 4),
(4, 4),
(5, 1),
(6, 3),
(7, 4),
(8, 3),
(9, 3),
(10, 1),
(11, 2),
(12, 3),
(13, 5),
(14, 5),
(15, 1),
(16, 1),
(17, 3),
(18, 1),
(19, 5),
(20, 2),
(21, 5),
(22, 3),
(23, 3),
(24, 5),
(25, 1),
(26, 2),
(27, 4),
(28, 5),
(29, 2),
(30, 1),
(31, 2),
(32, 2),
(33, 4),
(34, 3),
(35, 2),
(36, 5),
(37, 1),
(38, 5),
(39, 5),
(40, 1),
(41, 2),
(42, 5),
(43, 5),
(44, 1),
(45, 3),
(46, 3),
(47, 4),
(48, 4),
(49, 3),
(50, 4),
(51, 3),
(52, 4),
(53, 4),
(54, 4),
(55, 3),
(56, 2),
(57, 1),
(58, 3),
(59, 5),
(60, 2),
(61, 3),
(62, 4),
(63, 4),
(64, 3),
(65, 1),
(66, 1),
(67, 5),
(68, 3),
(69, 4),
(70, 2),
(71, 2),
(72, 2),
(73, 5),
(74, 1),
(75, 2),
(76, 4),
(77, 5),
(78, 5),
(79, 4),
(80, 1),
(81, 2),
(82, 4),
(83, 5),
(84, 3),
(85, 3),
(86, 1),
(87, 4),
(88, 2),
(89, 5),
(90, 4),
(91, 4),
(92, 3),
(93, 1),
(94, 5),
(95, 3),
(96, 2),
(97, 4),
(98, 3),
(99, 5),
(100, 1),
(101, 4),
(102, 4),
(103, 3),
(104, 5),
(105, 3),
(106, 4),
(107, 5),
(108, 1),
(109, 2),
(110, 5),
(111, 3),
(112, 3),
(113, 1),
(114, 5),
(115, 5),
(116, 4),
(117, 5),
(118, 4),
(119, 5),
(120, 1),
(121, 5),
(122, 4),
(123, 2),
(124, 3),
(125, 5),
(126, 4),
(127, 2),
(128, 5),
(129, 4),
(130, 3),
(131, 3),
(132, 5),
(133, 2),
(134, 2),
(135, 5),
(136, 4),
(137, 1),
(138, 4),
(139, 1),
(140, 4),
(141, 2),
(142, 5),
(143, 5),
(144, 4),
(145, 1),
(146, 4),
(147, 4),
(148, 2),
(149, 5),
(150, 5),
(151, 5),
(152, 2),
(153, 1),
(154, 1),
(155, 5),
(156, 5),
(157, 2),
(158, 1),
(159, 1),
(160, 5),
(161, 1),
(162, 3),
(163, 3),
(164, 5),
(165, 4),
(166, 2),
(167, 4),
(168, 4),
(169, 3),
(170, 1),
(171, 2),
(172, 5),
(173, 3),
(174, 3),
(175, 2),
(176, 4),
(177, 1),
(178, 1),
(179, 5),
(180, 5),
(181, 4),
(182, 4),
(183, 1),
(184, 3),
(185, 2),
(186, 2),
(187, 4),
(188, 1),
(189, 3),
(190, 3),
(191, 1),
(192, 1),
(193, 2),
(194, 1),
(195, 2),
(196, 2),
(197, 3),
(198, 4),
(199, 4),
(200, 2),
(201, 3),
(202, 1),
(203, 5),
(204, 4),
(205, 3),
(206, 5),
(207, 4),
(208, 1),
(209, 1),
(210, 5),
(211, 2),
(212, 3),
(213, 3),
(214, 2),
(215, 1),
(216, 3),
(217, 5),
(218, 2),
(219, 2),
(220, 1),
(221, 4),
(222, 4),
(223, 1),
(224, 1),
(225, 2),
(226, 2),
(227, 4),
(228, 1),
(229, 4),
(230, 5),
(231, 2),
(232, 4),
(233, 1),
(234, 3),
(235, 4),
(236, 4),
(237, 1),
(238, 3),
(239, 5),
(240, 4),
(241, 3),
(242, 4),
(243, 5),
(244, 5),
(245, 4),
(246, 1),
(247, 3),
(248, 1),
(249, 1),
(250, 1),
(251, 3),
(252, 5),
(253, 1),
(254, 1),
(255, 1),
(256, 4),
(257, 1),
(258, 1),
(259, 4),
(260, 1),
(261, 5),
(262, 2),
(263, 4),
(264, 4),
(265, 2),
(266, 3),
(267, 4),
(268, 3),
(269, 1),
(270, 2),
(271, 1),
(272, 2),
(273, 1),
(274, 4),
(275, 2),
(276, 5),
(277, 5),
(278, 1),
(279, 4),
(280, 4),
(281, 5),
(282, 1),
(283, 1),
(284, 5),
(285, 1),
(286, 4),
(287, 3),
(288, 4),
(289, 4),
(290, 5),
(291, 2),
(292, 5),
(293, 5),
(294, 4),
(295, 3),
(296, 3),
(297, 2),
(298, 1),
(299, 1),
(300, 5),
(301, 3),
(302, 5),
(303, 2),
(304, 4),
(305, 5),
(306, 5),
(307, 2),
(308, 4),
(309, 4),
(310, 3),
(311, 5),
(312, 5),
(313, 4),
(314, 4),
(315, 5),
(316, 5),
(317, 4),
(318, 1),
(319, 3),
(320, 3),
(321, 5),
(322, 2),
(323, 2),
(324, 4),
(325, 4),
(326, 5),
(327, 3),
(328, 3),
(329, 4),
(330, 2),
(331, 2),
(332, 4),
(333, 4),
(334, 3),
(335, 2),
(336, 5),
(337, 1),
(338, 5),
(339, 2),
(340, 3),
(341, 4),
(342, 2),
(343, 3),
(344, 1),
(345, 2),
(346, 1),
(347, 1),
(348, 3),
(349, 2),
(350, 1),
(351, 3),
(352, 3),
(353, 2),
(354, 1),
(355, 5),
(356, 1),
(357, 2),
(358, 5),
(359, 1),
(360, 2),
(361, 5),
(362, 1),
(363, 2),
(364, 3),
(365, 1),
(366, 3),
(367, 3),
(368, 1),
(369, 5),
(370, 4),
(371, 1),
(372, 1),
(373, 1),
(374, 4),
(375, 4),
(376, 5),
(377, 4),
(378, 1),
(379, 5),
(380, 5);

--

INSERT INTO Bosses (CharacterID, Cutscene)
VALUES
(1, 'I'),
(2, 'II'),
(3, 'III'),
(4, 'IV'),
(5, 'V'),
(6, 'VI'),
(7, 'VII'),
(8, 'VIII'),
(9, 'IX'),
(10, 'X'),
(11, 'XI'),
(12, 'XII'),
(13, 'XIII'),
(14, 'XIV'),
(15, 'XV'),
(16, 'XVI'),
(17, 'XVII'),
(18, 'XVIII'),
(19, 'XIX'),
(20, 'XX'),
(21, 'XXI'),
(22, 'XXII'),
(23, 'XXIII'),
(24, 'XXIV'),
(25, 'XXV'),
(26, 'XXVI'),
(27, 'XXVII'),
(28, 'XXVIII'),
(29, 'XXIX'),
(30, 'XXX'),
(31, 'XXXI'),
(32, 'XXXII'),
(33, 'XXXIII'),
(34, 'XXXIV'),
(35, 'XXXV'),
(36, 'XXXVI'),
(37, 'XXXVII'),
(38, 'XXXVIII'),
(39, 'XXXIX'),
(40, 'XL'),
(41, 'XLI'),
(42, 'XLII'),
(43, 'XLIII'),
(44, 'XLIV'),
(45, 'XLV'),
(46, 'XLVI'),
(47, 'XLVII'),
(48, 'XLVIII'),
(49, 'XLIX'),
(50, 'L'),
(51, 'LI'),
(52, 'LII'),
(53, 'LIII'),
(54, 'LIV'),
(55, 'LV'),
(56, 'LVI'),
(57, 'LVII'),
(58, 'LVIII'),
(59, 'LIX'),
(60, 'LX'),
(61, 'LXI'),
(62, 'LXII'),
(63, 'LXIII'),
(64, 'LXIV'),
(65, 'LXV'),
(66, 'LXVI'),
(67, 'LXVII'),
(68, 'LXVIII'),
(69, 'LXIX'),
(70, 'LXX'),
(71, 'LXXI'),
(72, 'LXXII'),
(73, 'LXXIII'),
(74, 'LXXIV'),
(75, 'LXXV'),
(76, 'LXXVI'),
(77, 'LXXVII'),
(78, 'LXXVIII'),
(79, 'LXXIX'),
(80, 'LXXX'),
(81, 'LXXXI'),
(82, 'LXXXII'),
(83, 'LXXXIII'),
(84, 'LXXXIV'),
(85, 'LXXXV'),
(86, 'LXXXVI'),
(87, 'LXXXVII'),
(88, 'LXXXVIII'),
(89, 'LXXXIX'),
(90, 'XC'),
(91, 'XCI'),
(92, 'XCII'),
(93, 'XCIII'),
(94, 'XCIV'),
(95, 'XCV'),
(96, 'XCVI'),
(97, 'XCVII'),
(98, 'XCVIII'),
(99, 'XCIX'),
(100, 'C'),
(101, 'CI'),
(102, 'CII'),
(103, 'CIII'),
(104, 'CIV'),
(105, 'CV'),
(106, 'CVI'),
(107, 'CVII'),
(108, 'CVIII'),
(109, 'CIX'),
(110, 'CX'),
(111, 'CXI'),
(112, 'CXII'),
(113, 'CXIII'),
(114, 'CXIV'),
(115, 'CXV'),
(116, 'CXVI'),
(117, 'CXVII'),
(118, 'CXVIII'),
(119, 'CXIX'),
(120, 'CXX');

--

INSERT INTO Enemies (CharacterID)
VALUES
(1),
(2),
(3),
(4),
(5),
(6),
(7),
(8),
(9),
(10),
(11),
(12),
(13),
(14),
(15),
(16),
(17),
(18),
(19),
(20),
(21),
(22),
(23),
(24),
(25),
(26),
(27),
(28),
(29),
(30),
(31),
(32),
(33),
(34),
(35),
(36),
(37),
(38),
(39),
(40),
(41),
(42),
(43),
(44),
(45),
(46),
(47),
(48),
(49),
(50),
(51),
(52),
(53),
(54),
(55),
(56),
(57),
(58),
(59),
(60),
(61),
(62),
(63),
(64),
(65),
(66),
(67),
(68),
(69),
(70),
(71),
(72),
(73),
(74),
(75),
(76),
(77),
(78),
(79),
(80),
(81),
(82),
(83),
(84),
(85),
(86),
(87),
(88),
(89),
(90),
(91),
(92),
(93),
(94),
(95),
(96),
(97),
(98),
(99),
(100),
(101),
(102),
(103),
(104),
(105),
(106),
(107),
(108),
(109),
(110),
(111),
(112),
(113),
(114),
(115),
(116),
(117),
(118),
(119),
(120),
(121),
(122),
(123),
(124),
(125),
(126),
(127),
(128),
(129),
(130),
(131),
(132),
(133),
(134),
(135),
(136),
(137),
(138),
(139),
(140),
(141),
(142),
(143),
(144),
(145),
(146),
(147),
(148),
(149),
(150),
(151),
(152),
(153),
(154),
(155),
(156),
(157),
(158),
(159),
(160),
(161),
(162),
(163),
(164),
(165),
(166),
(167),
(168),
(169),
(170),
(171),
(172),
(173),
(174),
(175),
(176),
(177),
(178),
(179),
(180),
(181),
(182),
(183),
(184),
(185),
(186),
(187),
(188),
(189),
(190),
(191),
(192),
(193),
(194),
(195),
(196),
(197),
(198),
(199),
(200),
(201),
(202),
(203),
(204),
(205),
(206),
(207),
(208),
(209),
(210),
(211),
(212),
(213),
(214),
(215),
(216),
(217),
(218),
(219),
(220),
(221),
(222),
(223),
(224),
(225),
(226),
(227),
(228),
(229),
(230),
(231),
(232),
(233),
(234),
(235),
(236),
(237),
(238),
(239),
(240),
(241),
(242),
(243),
(244),
(245),
(246),
(247),
(248),
(249),
(250),
(251),
(252),
(253),
(254),
(255),
(256),
(257),
(258),
(259),
(260),
(261),
(262),
(263),
(264),
(265),
(266),
(267),
(268),
(269),
(270),
(271),
(272),
(273),
(274),
(275),
(276),
(277),
(278),
(279),
(280),
(281),
(282),
(283),
(284),
(285),
(286),
(287),
(288),
(289),
(290),
(291),
(292),
(293),
(294),
(295),
(296),
(297),
(298),
(299),
(300);

--

SET IDENTITY_INSERT Items ON;
INSERT INTO Items (ItemID, DESCRIPTION, UseRequisites, Name, Owner, Award)
VALUES
(1, 'A basic healing item that replenishes a small amount of health.', 'None', 'Healing Herb', 308, 3),
(2, 'A throwable projectile used to distract enemies.', 'None', 'Throwing Knife', 160, 26),
(3, 'A precious gem that can be sold for a high price.', 'None', 'Amber Gem', 147, 27),
(4, 'A consumable item that temporarily boosts the players strength.', 'None', 'Strength Tonic', 77, 5),
(5, 'A rare flower with powerful healing properties.', 'None', 'Moon Lotus', 30, 24),
(6, 'A mysterious key that opens ancient doors.', 'None', 'Elden Key', 326, 30),
(7, 'A magical potion that grants temporary invisibility.', 'Magic Level 3', 'Ethereal Elixir', 27, 7),
(8, 'A legendary sword forged by ancient craftsmen.', 'Strength Level 5', 'Dragons Bane', 114, 11),
(9, 'A piece of armor imbued with protective enchantments.', 'Defense Level 4', 'Guardian Plate', 88, 29),
(10, 'A powerful spell scroll capable of unleashing devastation.', 'Intelligence Level 6', 'Arcane Fury', 284, 25),
(11, 'A mystical potion that grants temporary invincibility.', 'Magic Level 5', 'Potion of Invincibility', 254, 9),
(12, 'A rare crafting material used to enhance weapons.', 'None', 'Starfall Shard', 368, 13),
(13, 'An ancient relic that bestows wisdom upon the wielder.', 'Wisdom Level 3', 'Sages Talisman', 209, 25),
(14, 'A cursed talisman that drains the life force of its wearer.', 'None', 'Talisman of the Damned', 188, 16),
(15, 'A mysterious scroll containing forbidden knowledge.', 'Intelligence Level 4', 'Scroll of Eldritch Secrets', 206, 16),
(16, 'A vial of venom harvested from deadly serpents.', 'Dexterity Level 2', 'Venom Extract', 112, 19),
(17, 'A powerful relic imbued with divine blessings.', 'Faith Level 5', 'Divine Relic', 323, 11),
(18, 'A legendary artifact forged in the fires of the abyss.', 'Strength Level 6', 'Abyssal Blade', 137, 6),
(19, 'A rare mushroom with potent magical properties.', 'Magic Level 3', 'Glowcap Fungus', 315, 2),
(20, 'A tome containing ancient martial techniques.', 'Dexterity Level 4', 'Way of the Warrior', 104, 1),
(21, 'A rare gemstone infused with elemental power.', 'Elemental Affinity Level 3', 'Elemental Core', 345, 10),
(22, 'A mysterious artifact that enhances magical abilities.', 'Intelligence Level 4', 'Arcane Amulet', 348, 13),
(23, 'A potent elixir that boosts physical strength.', 'Strength Level 2', 'Elixir of Might', 2, 11),
(24, 'A cursed blade that hungers for blood.', 'Bloodlust Level 5', 'Blade of Sanguine Wrath', 199, 27),
(25, 'A relic infused with the essence of the ancient gods.', 'Divine Favor Level 5', 'Godstone Pendant', 187, 24),
(26, 'A rare herb with healing properties.', 'Health Level 3', 'Golden Lotus', 133, 22),
(27, 'A set of enchanted armor forged by legendary blacksmiths.', 'Defense Level 6', 'Armor of the Titans', 98, 14),
(28, 'A mystical rune that grants protection against dark forces.', 'Faith Level 3', 'Rune of Warding', 363, 25),
(29, 'A cursed artifact that corrupts the mind of its bearer.', 'Corruption Level 4', 'Corrupted Idol', 54, 13),
(30, 'An ancient scroll containing forbidden spells.', 'Arcane Knowledge Level 5', 'Scroll of Forbidden Magic', 76, 1),
(31, 'A relic from a forgotten civilization, radiating with ancient power.', 'Mystic Knowledge Level 4', 'Mystic something', 350, 11),
(32, 'A potion brewed from rare herbs, known for its healing properties.', 'Herbalism Level 3', 'Nice Weed', 181, 15),
(33, 'A cursed amulet that saps the life force of its wearer.', 'Vampiric Aura Level 5', 'Amulet of the Damned', 333, 30),
(34, 'A legendary weapon said to have been wielded by a mythical hero.', 'Legendary Weapon Proficiency Level 7', 'Excalibur', 270, 17),
(35, 'A mysterious artifact that bends the fabric of reality.', 'Reality Manipulation Level 6', 'Chrono Crystal', 304, 28),
(36, 'A rare flower that blooms only under the light of a full moon.', 'Moonlight Harvesting Level 4', 'Moonbloom', 213, 16),
(37, 'An enchanted cloak that grants invisibility to its wearer.', 'Stealth Mastery Level 5', 'Cloak of Shadows', 206, 7),
(38, 'A magical ring that enhances the wearers elemental affinity.', 'Elemental Mastery Level 4', 'Ring of Elements', 27, 14),
(39, 'A dark artifact that feeds on the souls of the innocent.', 'Soul Consumption Level 6', 'Soulrender', 25, 6),
(40, 'A forbidden tome containing dark rituals and incantations.', 'Dark Magic Knowledge Level 5', 'Tome of Shadows', 354, 8),
(41, 'A vial of potent poison, lethal to the touch.', 'Poisoncraft Level 4', 'Sheesh posion', 338, 5),
(42, 'An ancient relic imbued with the power of the elements.', 'Elemental Attunement Level 6', 'Elemental Totem', 284, 8),
(43, 'A legendary artifact said to grant immortality to its bearer.', 'Immortality Level 10', 'Eternal Heart', 144, 23),
(44, 'A celestial orb that channels the energy of the cosmos.', 'Celestial Harmony Level 7', 'Stellar Sphere', 333, 1),
(45, 'A rare mushroom with hallucinogenic properties.', 'Alchemy Level 3', 'Dreamshroom', 206, 24),
(46, 'A set of enchanted gauntlets that increase the wearers strength.', 'Strength Enhancement Level 5', 'Gauntlets of Power', 314, 26),
(47, 'A mystical talisman that wards off evil spirits.', 'Divine Protection Level 4', 'Talisman of Light', 110, 23),
(48, 'A cursed dagger that consumes the souls of its victims.', 'Soul Devourer Level 7', 'Soulthief Dagger', 111, 7),
(49, 'An ancient scroll containing lost knowledge of the gods.', 'Divine Wisdom Level 6', 'Scroll of Divine Secrets', 216, 21),
(50, 'A potion infused with the essence of dragons,  granting immense power.', 'Dragonblood Infusion Level 8', 'Dragon potion', 238, 29),
(51, 'A relic from a fallen kingdom,  said to hold the key to unlocking ancient secrets.', 'Ancient Knowledge Level 5', 'Losers Relic', 238, 17),
(52, 'A legendary sword forged in the heart of a dying star.', 'Stellar Blade Mastery Level 9', 'Starfire Blade', 293, 20),
(53, 'A sacred artifact blessed by the gods themselves.', 'Divine Blessing Level 8', 'Sacred Talisman', 38, 22),
(54, 'A rare plant with healing properties,  known to cure even the most deadly of poisons.', 'Herbal Remedies Level 6', 'Remedy for a Heart Broken', 203, 22),
(55, 'A pair of enchanted boots that grant the wearer incredible speed.', 'Speed Enhancement Level 6', 'Boots of Swiftness', 77, 15),
(56, 'A mystical artifact said to grant the bearer the power to control time itself.', 'Time Manipulation Level 10', 'Chrono Amulet', 257, 3),
(57, 'A cursed artifact that brings misfortune to all who possess it.', 'Curse of Misfortune Level 7', 'Amulet of Doom', 53, 21),
(58, 'A grimoire containing forbidden spells that can reshape reality.', 'Reality Warping Level 8', 'Grimoire of Chaos', 56, 9),
(59, 'A potion brewed from rare herbs,  known for its rejuvenating properties.', 'Herbal Tonic Level 4', 'Tonic', 325, 3),
(60, 'A relic from a forgotten era,  imbued with the power of the ancients.', 'Ancient Enchantment Level 7', 'Old relic', 380, 3),
(61, 'A legendary artifact said to grant its wielder dominion over the elements.', 'Elemental Mastery Level 10', 'Scepter of the Elements', 169, 22),
(62, 'A divine relic said to hold the key to unlocking the secrets of creation.', 'Divine Revelation Level 9', 'Divine Key', 93, 16),
(63, 'A rare flower said to bloom only once in a thousand years.', 'Rare Botany Level 5', 'Millennium Bloom', 28, 23),
(64, 'A pair of enchanted gloves that grant the wearer incredible strength.', 'Strength Enhancement Level 7', 'Gauntlets of Might', 222, 30),
(65, 'A mystical artifact said to grant its wielder the power of the gods.', 'Divine Empowerment Level 8', 'Godsbane', 8, 19),
(66, 'A cursed relic that brings death and destruction to all who seek it.', 'Curse of Ruin Level 8', 'Doomstone', 164, 4),
(67, 'A tome containing forbidden knowledge of the darkest arts.', 'Dark Sorcery Level 9', 'Book of Shadows', 121, 25),
(68, 'A potion brewed from rare herbs,  known for its restorative properties.', 'Herbal Elixir Level 5', 'Rare Weed', 359, 8),
(69, 'A relic from a forgotten civilization,  imbued with the power of the void.', 'Void Essence Level 8', '????', 380, 20),
(70, 'A legendary artifact said to grant its wielder the power of the cosmos.', 'Cosmic Mastery Level 12', 'Astral Crown', 57, 19),
(71, 'A divine relic said to hold the key to unlocking the secrets of the universe.', 'Divine Knowledge Level 10', 'Celestial Codex', 238, 8),
(72, 'A rare mushroom said to possess hallucinogenic properties beyond comprehension.', 'Psychedelic Botany Level 6', 'Eldritch Shroom', 167, 25),
(73, 'A pair of enchanted boots that grant the wearer unparalleled agility.', 'Agility Enhancement Level 6', 'Boots of Agility', 31, 4),
(74, 'A mystical artifact said to grant its wielder the power to shape reality itself.', 'Reality Shaping Level 11', 'Eldritch Orb', 117, 15),
(75, 'A cursed relic that brings madness and despair to all who possess it.', 'Curse of Madness Level 9', 'Madstone', 142, 28),
(76, 'A mystical potion that grants the imbiber enhanced strength for a limited time.', 'Strength Boost Level 3', 'Potion of Might', 20, 26),
(77, 'A cursed artifact that drains the life force of those who come into contact with it.', 'Life Drain Level 5', 'Soul Siphon', 286, 7),
(78, 'A divine relic said to hold the essence of a long-forgotten deity.', 'Divine Essence Level 7', 'Godstone', 111, 12),
(79, 'A rare herb that grows in the deepest recesses of the forest,  known for its healing properties.', 'Herbal Healing Level 4', 'Healing Weed', 16, 13),
(80, 'An enchanted amulet that protects the wearer from harm.', 'Protection Aura Level 6', 'Amulet of Protection', 362, 12),
(81, 'A mysterious artifact said to grant its wielder the power of foresight.', 'Precognition Level 8', 'Oracles Eye', 225, 10),
(82, 'A rare gemstone infused with the power of the earth.', 'Earth Attunement Level 5', 'Stone of Earth', 150, 27),
(83, 'A pair of enchanted boots that grant the wearer the ability to walk on water.', 'Aquatic Movement Level 7', 'Boots of Aquarius', 101, 8),
(84, 'A mystical scroll containing ancient incantations of power.', 'Arcane Knowledge Level 6', 'Scroll of Arcana', 121, 21),
(85, 'A vial of poison so potent,  a single drop can kill a grown man.', 'Deadly Venom Level 7', 'Killer Poison', 277, 25),
(86, 'An ancient relic said to hold the secrets of creation itself.', 'Creation Myth Level 9', 'Genesis Stone', 342, 4),
(87, 'A legendary artifact said to grant its wielder the power to control time.', 'Temporal Mastery Level 10', 'Chrono Staff', 326, 14),
(88, 'A divine relic said to hold the essence of a benevolent deity.', 'Divine Blessing Level 8', 'Gods Tear', 337, 22),
(89, 'A rare flower said to bloom only once in a lifetime,  said to grant eternal youth.', 'Eternal Bloom Level 7', 'Youth Bloom Flower', 324, 26),
(90, 'A pair of enchanted gloves that grant the wearer the ability to conjure fire.', 'Pyromancy Level 6', 'Gloves of the Inferno', 238, 5),
(91, 'A mystical artifact said to grant its wielder the power to control the elements.', 'Elemental Mastery Level 10', 'Elemental Staff', 232, 17),
(92, 'A cursed artifact that brings doom to all who possess it.', 'Curse of Doom Level 9', 'Doomstone Pendant', 178, 28),
(93, 'A forbidden grimoire containing dark spells of necromancy.', 'Necromantic Knowledge Level 8', 'Book of the Dead', 74, 10),
(94, 'A vial of rare herbs,  known for its ability to restore vitality.', 'Vitality Restoration Level 5', 'Better Weed', 124, 7),
(95, 'An ancient relic said to hold the power of the gods themselves.', 'Divine Power Level 9', 'Godsbreath Amulet', 307, 20),
(96, 'A legendary artifact said to grant its wielder the power of the stars.', 'Stellar Mastery Level 11', 'Starfall Talisman', 62, 25),
(97, 'A divine relic said to hold the essence of a celestial being.', 'Celestial Essence Level 10', 'Starheart', 65, 7),
(98, 'A rare mushroom said to possess healing properties beyond compare.', 'Mystic Mushroom Level 6', 'Fungal Elixir', 286, 16),
(99, 'A pair of enchanted boots that grant the wearer the ability to fly.', 'Flight Mastery Level 8', 'Boots of Levitation', 79, 4),
(100, 'A mystical tome containing ancient wisdom and knowledge.', 'Arcane Insight Level 7', 'Tome of Secrets', 300, 6),
(101, 'A vial of poison brewed from rare herbs and deadly venoms.', 'Deadly Poison Level 8', 'Venomous Elixir', 139, 13),
(102, 'An ancient relic said to hold the power of the void itself.', 'Void Mastery Level 9', 'Voidheart Amulet', 292, 4),
(103, 'A legendary artifact said to grant its wielder the power of creation.', 'Creation Mastery Level 12', 'Primordial Orb', 361, 18),
(104, 'A divine relic said to hold the essence of the divine.', 'Divine Essence Level 11', 'Divine Shard', 81, 2),
(105, 'A rare flower said to bloom only once in a century,  said to grant immortality.', 'Eternal Blossom Level 8', 'Immortal Bloom Flower', 34, 13),
(106, 'A pair of enchanted gloves that grant the wearer the ability to manipulate shadows.', 'Shadow Manipulation Level 7', 'Gloves of Shadow', 305, 16),
(107, 'A mystical artifact said to grant its wielder the power to control space.', 'Spatial Mastery Level 10', 'Spacewarp Pendant', 290, 29),
(108, 'A cursed relic that brings destruction to all who possess it.', 'Curse of Destruction Level 10', 'Doomstone Orb', 169, 29),
(109, 'A forbidden tome containing dark spells of black magic.', 'Dark Magic Mastery Level 9', 'Grimoire of Shadows', 43, 3),
(110, 'A vial of rare herbs,  known for its ability to cure any ailment.', 'Panacea Level 6', 'Weed', 4, 21),
(111, 'An ancient relic said to hold the power of the ancients themselves.', 'Ancient Mastery Level 10', 'Ancient Crown', 253, 4),
(112, 'A legendary artifact said to grant its wielder the power of the cosmos.', 'Cosmic Mastery Level 12', 'Cosmic Heart', 173, 1),
(113, 'A divine relic said to hold the essence of the divine.', 'Divine Essence Level 21', 'Divine Giant Shard', 1, 26),
(114, 'A rare flower said to bloom only once in a century,  said to grant a nice power.', 'Blossom Level 8', 'Bloom Flower', 204, 18),
(115, 'A pair of enchanted gloves that grant the wearer the ability to manipulate shadows.', 'Shadow Manipulation Level 7', 'Gloves of Shadow', 366, 1),
(116, '????????????????????????', 'Nothing', 'Panacea Elixir', 247, 26),
(117, 'Restore things', 'Blosson Level 40','Elixir of Restoration', 283, 29),
(118, 'You get a new look!', 'Divine Health Level 51','Elixir of Renewal', 211, 24),
(119, 'A deathstalker poison xd', 'Intelligence Level 1000', 'Deathstalker Poison', 161, 30),
(120, 'An elixir from a very nice dragon', 'Shadow Manipulation Level 8', 'Draconic Elixir', 208, 11);
SET IDENTITY_INSERT Items OFF;

--

SET IDENTITY_INSERT CraftingMaterials ON;
INSERT INTO CraftingMaterials (CraftingMaterialID, Quantity, Source, CraftingUse, UsedItems)
VALUES
(2, 3, 'Loot Drops', 'Weapon Enhancement', 23),
(1, 5, 'Harvesting', 'Potion Crafting', 43),
(3, 1, 'Quest Reward', 'Artifact Creation', 23),
(4, 10, 'Harvesting', 'Alchemy', 23),
(5, 2, 'Boss Drop', 'Enchantment', 21),
(6, 4, 'Trade', 'Spellcasting', 12),
(7, 6, 'Harvesting', 'Poison Crafting', 69),
(8, 1, 'Treasure Chest', 'Relic Forging', 42),
(9, 3, 'Rare Enemy Drop', 'Artifact Enchantment', 54),
(10, 8, 'Crafted', 'Alchemy', 41),
(11, 2, 'Harvesting', 'Potion Crafting', 21),
(12, 3, 'Loot Drops', 'Weapon Enhancement', 81),
(13, 1, 'Quest Reward', 'Artifact Creation', 34),
(14, 5, 'Harvesting', 'Alchemy', 76),
(15, 2, 'Boss Drop', 'Enchantment', 91),
(16, 4, 'Trade', 'Spellcasting', 73),
(17, 6, 'Harvesting', 'Poison Crafting', 12),
(18, 1, 'Treasure Chest', 'Relic Forging', 3),
(19, 3, 'Rare Enemy Drop', 'Artifact Enchantment', 6),
(20, 8, 'Crafted', 'Alchemy', 8),
(21, 4, 'Harvesting', 'Potion Crafting', 56),
(22, 3, 'Loot Drops', 'Weapon Enhancement', 17),
(23, 1, 'Quest Reward', 'Artifact Creation', 84),
(24, 5, 'Harvesting', 'Alchemy', 9),
(25, 2, 'Boss Drop', 'Enchantment', 52),
(26, 4, 'Trade', 'Spellcasting', 17),
(27, 6, 'Harvesting', 'Poison Crafting', 29),
(28, 1, 'Treasure Chest', 'Relic Forging', 27),
(29, 3, 'Rare Enemy Drop', 'Artifact Enchantment', 31),
(30, 8, 'Crafted', 'Alchemy', 81),
(31, 5, 'Harvesting', 'Potion Crafting', 71),
(32, 3, 'Loot Drops', 'Weapon Enhancement', 40),
(33, 1, 'Quest Reward', 'Artifact Creation', 10),
(34, 5, 'Harvesting', 'Alchemy', 13),
(35, 2, 'Boss Drop', 'Enchantment', 51),
(36, 4, 'Trade', 'Spellcasting', 91),
(37, 6, 'Harvesting', 'Poison Crafting', 101),
(38, 1, 'Treasure Chest', 'Relic Forging', 32),
(39, 3, 'Rare Enemy Drop', 'Artifact Enchantment', 61),
(40, 8, 'Crafted', 'Alchemy', 62);
SET IDENTITY_INSERT CraftingMaterials OFF;

--

INSERT INTO Crafts (ItemID, CraftingMaterialID)
VALUES
(1, 33),
(2, 31),
(3, 35),
(4, 1),
(5, 25),
(6, 6),
(7, 24),
(8, 25),
(9, 10),
(10, 2),
(11, 35),
(12, 19),
(13, 40),
(14, 26),
(15, 4),
(16, 13),
(17, 29),
(18, 33),
(19, 24),
(20, 18),
(21, 13),
(22, 2),
(23, 14),
(24, 36),
(25, 34),
(26, 25),
(27, 2),
(28, 39),
(29, 11),
(30, 37),
(31, 8),
(32, 30),
(33, 34),
(34, 34),
(35, 40),
(36, 4),
(37, 28),
(38, 11),
(39, 38),
(40, 27),
(41, 39),
(42, 36),
(43, 16),
(44, 18),
(45, 12),
(46, 2),
(47, 36),
(48, 12),
(49, 23),
(50, 8),
(51, 26),
(52, 29),
(53, 21),
(54, 37),
(55, 17),
(56, 17),
(57, 32),
(58, 28),
(59, 23),
(60, 18),
(61, 22),
(62, 27),
(63, 25),
(64, 33),
(65, 16),
(66, 30),
(67, 10),
(68, 11),
(69, 34),
(70, 30),
(71, 30),
(72, 2),
(73, 38),
(74, 15),
(75, 18),
(76, 1),
(77, 26),
(78, 2),
(79, 13),
(80, 15),
(81, 28),
(82, 18),
(83, 15),
(84, 23),
(85, 32),
(86, 31),
(87, 2),
(88, 15),
(89, 31),
(90, 26),
(91, 2),
(92, 27),
(93, 26),
(94, 16),
(95, 14),
(96, 14),
(97, 39),
(98, 24),
(99, 14),
(100, 25),
(101, 32),
(102, 28),
(103, 3),
(104, 40),
(105, 23),
(106, 20),
(107, 20),
(108, 19),
(109, 15),
(110, 37),
(111, 27),
(112, 8),
(113, 7),
(114, 18),
(115, 37),
(116, 2),
(117, 40),
(118, 7),
(119, 22),
(120, 19);

--

INSERT INTO Weapons (Name, ItemID, Range, Damage, Abilities, ScallingAttributes)
VALUES
('Dragons Bane', 8, 104, 84, 'Dragons Fury', 'Strength & Dexterity'),
('Excalibur', 33, 21, 27, 'Holy Strike', 'Strength'),
('Starfire Blade', 52, 5, 95, 'Starfall Slash', 'Intelligence'),
('Abyssal Blade', 18, 88, 77, 'Abyssal Rage', 'Strength'),
('Scepter of the Elements', 61, 115, 78, 'Elemental Burst', 'Intelligence'),
('Godsbane', 65, 119, 16, 'Divine Judgment', 'Strength'),
('Eldritch Orb', 74, 54, 81, 'Eldritch Blast', 'Intelligence'),
('Elemental Staff', 91, 1, 19, 'Elemental Wave', 'Intelligence'),
('Starfall Talisman', 96, 32, 5, 'Starfall Explosion', 'Intelligence'),
('Primordial Orb', 103, 10, 106, 'Primordial Blast', 'Intelligence');

--

INSERT INTO Armours (Name, ItemID, Weight, MagicDefense, PhysicalDefense, ElementResistance)
VALUES
('Guardian Plate', 9, 25, 10, 30, 'None'),
('Armor of the Titans', 27, 30, 15, 35, 'Light'),
('Gauntlets of Power', 46, 5, 5, 15, 'Fire'),
('Gauntlets of Might', 64, 5, 10, 20, 'None'),
('Cloak of Shadows', 37, 10, 20, 10, 'Shadow'),
('Boots of Swiftness', 55, 5, 10, 5, 'None'),
('Boots of Agility', 73, 5, 15, 5, 'None'),
('Amulet of Protection', 80, 2, 15, 5, 'None');

--

INSERT INTO Talismans (Name, ItemID, Effect)
VALUES
('Elden Key', 6, 'Unlocks hidden doors and passages.'),
('Talisman of the Damned', 14, 'Inflicts a curse upon enemies.'),
('Sages Talisman', 13, 'Grants ancient wisdom and knowledge.'),
('Divine Relic', 17, 'Channels divine power for protection.'),
('Godstone Pendant', 25, 'Contains the essence of a deity.'),
('Talisman of Light', 47, 'Emits a radiant aura of protection.'),
('Scroll of Eldritch Secrets', 15, 'Reveals forbidden knowledge.'),
('Arcane Amulet', 22, 'Enhances magical abilities.'),
('Rune of Warding', 28, 'Creates a protective barrier against evil forces.'),
('Corrupted Idol', 29, 'Corrupts the minds of those nearby.'),
('Celestial Codex', 71, 'Holds the wisdom of the heavens.'),
('Oracles Eye', 81, 'Foresees future events.'),
('Genesis Stone', 86, 'Reshapes reality at its core.'),
('Gods Tear', 88, 'Grants divine favor to the wearer.'),
('Voidheart', 102, 'Taps into the power of the void.'),
('Starheart', 97, 'Harnesses the energy of distant stars.'),
('Spacewarp Pendant', 107, 'Allows passage through dimensional rifts.'),
('Doomstone Orb', 108, 'Brings calamity upon foes.'),
('Grimoire of Shadows', 109, 'Unleashes dark and forbidden magic.'),
('Ancient Crown', 111, 'Bestows the authority of ancient rulers.');

--

INSERT INTO Magics (Name, ItemID, Effect, ManaCost, DamageType)
VALUES
('Arcane Fury', 10, 'Unleashes a powerful burst of arcane energy.', 50, 'Arcane'),
('Potion of Invincibility', 11, 'Grants temporary invulnerability to the drinker.', 75, 'None'),
('Ethereal Elixir', 7, 'Allows the drinker to phase through solid objects temporarily.', 60, 'None'),
('Scroll of Forbidden Magic', 30, 'Contains dark and forbidden spells.', 100, 'Various'),
('Potion of Might', 76, 'Enhances the physical strength of the drinker.', 40, 'None'),
('Scroll of Arcana', 84, 'Unlocks hidden knowledge of the arcane arts.', 80, 'Arcane'),
('Deathstalker Poison', 119, 'Inflicts deadly poison upon the target.', 30, 'Poison'),
('Draconic Elixir', 120, 'Empowers the drinker with draconic strength and resilience.', 65, 'None'),
('Venomous Elixir', 101, 'Fills the drinkers veins with potent venom.', 35, 'Poison'),
('Elixir of Renewal', 118, 'Restores health and vitality to the drinker.', 50, 'None'),
('Elixir of Restoration', 117, 'Restores magical energy to the drinker.', 40, 'None'),
('Panacea Elixir', 116, 'Cures all ailments and restores the drinker to full health.', 100, 'None');
